#1	
double load(8760,3) # P(kW) & Q (kvar)	
0, 0.842544752, 0.3370179008
3600, 0.747048288, 0.2988193152
7200, 0.673310512, 0.2693242048
10800, 0.662431168, 0.2649724672
14400, 0.685398672, 0.2741594688
18000, 0.722871968, 0.2891487872
21600, 0.910238448, 0.3640953792
25200, 1.23299232, 0.493196928
28800, 1.449370384, 0.5797481536
32400, 1.375632608, 0.5502530432
36000, 1.37200616, 0.548802464
39600, 1.386511952, 0.5546047808
43200, 1.43244696, 0.572978784
46800, 1.255959824, 0.5023839296
50400, 1.152001648, 0.4608006592
54000, 1.055296368, 0.4221185472
57600, 1.098813744, 0.4395254976
61200, 1.320027072, 0.5280108288
64800, 1.7225628, 0.68902512
68400, 1.971578896, 0.7886315584
72000, 1.918390992, 0.7673563968
75600, 1.69838648, 0.679354592
79200, 1.318818256, 0.5275273024
82800, 1.011778992, 0.4047115968
86400, 0.833148736, 0.3332594944
90000, 0.729739584, 0.2918958336
93600, 0.68743584, 0.274974336
97200, 0.668634176, 0.2674536704
100800, 0.695661568, 0.2782646272
104400, 0.730914688, 0.2923658752
108000, 0.923631744, 0.3694526976
111600, 1.267937216, 0.5071748864
115200, 1.381922304, 0.5527689216
118800, 1.277338048, 0.5109352192
122400, 1.217407744, 0.4869630976
126000, 1.270287424, 0.5081149696
129600, 1.378396992, 0.5513587968
133200, 1.19860608, 0.479442432
136800, 1.105772864, 0.4423091456
140400, 1.003538816, 0.4014155264
144000, 1.056418496, 0.4225673984
147600, 1.307890752, 0.5231563008
151200, 1.661597056, 0.6646388224
154800, 1.941271808, 0.7765087232
158400, 1.884866816, 0.7539467264
162000, 1.683924032, 0.6735696128
165600, 1.34549408, 0.538197632
169200, 1.01058944, 0.404235776
172800, 0.838270552, 0.3353082208
176400, 0.728314048, 0.2913256192
180000, 0.683385584, 0.2733542336
183600, 0.660921352, 0.2643685408
187200, 0.683385584, 0.2733542336
190800, 0.72122008, 0.288488032
194400, 0.89856928, 0.359427712
198000, 1.207156888, 0.4828627552
201600, 1.334848312, 0.5339393248
205200, 1.30647244, 0.522588976
208800, 1.214250856, 0.4857003424
212400, 1.26509096, 0.506036384
216000, 1.373865136, 0.5495460544
219600, 1.26509096, 0.506036384
223200, 1.1527698, 0.46110792
226800, 1.045177952, 0.4180711808
230400, 1.068824512, 0.4275298048
234000, 1.295831488, 0.5183325952
237600, 1.664717824, 0.6658871296
241200, 1.959117496, 0.7836469984
244800, 1.902365752, 0.7609463008
248400, 1.707281632, 0.6829126528
252000, 1.352583232, 0.5410332928
255600, 1.05227192, 0.420908768
259200, 0.8563149, 0.34252596
262800, 0.752375988, 0.3009503952
266400, 0.68505192, 0.274020768
270000, 0.675602928, 0.2702411712
273600, 0.70276878, 0.281107512
277200, 0.742926996, 0.2971707984
280800, 0.9448992, 0.37795968
284400, 1.308685392, 0.5234741568
288000, 1.391364072, 0.5565456288
291600, 1.250810316, 0.5003241264
295200, 1.196478612, 0.4785914448
298800, 1.262621556, 0.5050486224
302400, 1.313409888, 0.5253639552
306000, 1.221282216, 0.4885128864
309600, 1.107894312, 0.4431577248
313200, 0.99214416, 0.396857664
316800, 1.041751368, 0.4167005472
320400, 1.279157292, 0.5116629168
324000, 1.680739452, 0.6722957808
327600, 1.945311228, 0.7781244912
331200, 1.9193265, 0.7677306
334800, 1.681920576, 0.6727682304
338400, 1.347662484, 0.5390649936
342000, 1.03938912, 0.415755648
345600, 0.843279192, 0.3373116768
349200, 0.74194092, 0.296776368
352800, 0.697303824, 0.2789215296
356400, 0.680414112, 0.2721656448
360000, 0.71178072, 0.284712288
363600, 0.750385776, 0.3001543104
367200, 0.932553384, 0.3730213536
370800, 1.2968886, 0.51875544
374400, 1.418735808, 0.5674943232
378000, 1.33308084, 0.533232336
381600, 1.265521992, 0.5062087968
385200, 1.282411704, 0.5129646816
388800, 1.331874432, 0.5327497728
392400, 1.253457912, 0.5013831648
396000, 1.189518288, 0.4758073152
399600, 1.095418464, 0.4381673856
403200, 1.149706824, 0.4598827296
406800, 1.337906472, 0.5351625888
410400, 1.663636632, 0.6654546528
414000, 1.93628484, 0.774513936
417600, 1.866313176, 0.7465252704
421200, 1.674494304, 0.6697977216
424800, 1.348764144, 0.5395056576
428400, 1.10989536, 0.443958144
432000, 0.875353752, 0.3501415008
435600, 0.765476712, 0.3061906848
439200, 0.692225352, 0.2768901408
442800, 0.673912512, 0.2695650048
446400, 0.68978364, 0.275913456
450000, 0.722746752, 0.2890987008
453600, 0.78745212, 0.314980848
457200, 0.99499764, 0.397999056
460800, 1.308757632, 0.5235030528
464400, 1.419855528, 0.5679422112
468000, 1.38567156, 0.554268624
471600, 1.441830936, 0.5767323744
475200, 1.546824552, 0.6187298208
478800, 1.45892292, 0.583569168
482400, 1.389334128, 0.5557336512
486000, 1.230622848, 0.4922491392
489600, 1.222076856, 0.4888307424
493200, 1.39177584, 0.556710336
496800, 1.661585016, 0.6646340064
500400, 1.828842288, 0.7315369152
504000, 1.787333184, 0.7149332736
507600, 1.571241672, 0.6284966688
511200, 1.327070472, 0.5308281888
514800, 1.121966664, 0.4487866656
518400, 0.938769636, 0.3755078544
522000, 0.837247152, 0.3348988608
525600, 0.744498216, 0.2977992864
529200, 0.69561702, 0.278246808
532800, 0.699377112, 0.2797508448
536400, 0.711910752, 0.2847643008
540000, 0.747004944, 0.2988019776
543600, 0.86482116, 0.345928464
547200, 1.12176078, 0.448704312
550800, 1.381207128, 0.5524828512
554400, 1.5980391, 0.63921564
558000, 1.715855316, 0.6863421264
561600, 1.755962964, 0.7023851856
565200, 1.514063712, 0.6056254848
568800, 1.392487404, 0.5569949616
572400, 1.253364, 0.5013456
576000, 1.23456354, 0.493825416
579600, 1.415047956, 0.5660191824
583200, 1.690788036, 0.6763152144
586800, 1.88631282, 0.754525128
590400, 1.86751236, 0.747004944
594000, 1.656947208, 0.6627788832
597600, 1.318538928, 0.5274155712
601200, 1.047812304, 0.4191249216
604800, 0.846195012, 0.3384780048
608400, 0.742530096, 0.2970120384
612000, 0.66900033, 0.267600132
615600, 0.655740864, 0.2622963456
619200, 0.683465202, 0.2733860808
622800, 0.718421976, 0.2873687904
626400, 0.91008153, 0.364032612
630000, 1.230719526, 0.4922878104
633600, 1.435638546, 0.5742554184
637200, 1.365724998, 0.5462899992
640800, 1.364519592, 0.5458078368
644400, 1.376573652, 0.5506294608
648000, 1.430816922, 0.5723267688
651600, 1.252416834, 0.5009667336
655200, 1.148751918, 0.4595007672
658800, 1.058346468, 0.4233385872
662400, 1.100535678, 0.4402142712
666000, 1.305454698, 0.5221818792
669600, 1.71167652, 0.684670608
673200, 1.973249622, 0.7892998488
676800, 1.920211758, 0.7680847032
680400, 1.703238678, 0.6812954712
684000, 1.312687134, 0.5250748536
687600, 1.01254104, 0.405016416
691200, 0.840361665, 0.336144666
694800, 0.735757206, 0.2943028824
698400, 0.689919297, 0.2759677188
702000, 0.667588008, 0.2670352032
705600, 0.694620621, 0.2778482484
709200, 0.734581875, 0.29383275
712800, 0.920284173, 0.3681136692
716400, 1.263480825, 0.50539233
720000, 1.384539918, 0.5538159672
723600, 1.28111079, 0.512444316
727200, 1.221168909, 0.4884675636
730800, 1.272883473, 0.5091533892
734400, 1.37513727, 0.550054908
738000, 1.196486958, 0.4785947832
741600, 1.110687795, 0.444275118
745200, 0.997856019, 0.3991424076
748800, 1.055447238, 0.4221788952
752400, 1.286987445, 0.514794978
756000, 1.647814062, 0.6591256248
759600, 1.943997474, 0.7775989896
763200, 1.887581586, 0.7550326344
766800, 1.690125978, 0.6760503912
770400, 1.346929326, 0.5387717304
774000, 1.017836646, 0.4071346584
777600, 0.841118352, 0.3364473408
781200, 0.733615866, 0.2934463464
784800, 0.686362026, 0.2745448104
788400, 0.66155376, 0.264621504
792000, 0.682817988, 0.2731271952
795600, 0.718258368, 0.2873033472
799200, 0.895460268, 0.3581841072
802800, 1.207335612, 0.4829342448
806400, 1.327832904, 0.5311331616
810000, 1.304205984, 0.5216823936
813600, 1.212060996, 0.4848243984
817200, 1.280579064, 0.5122316256
820800, 1.391625588, 0.5566502352
824400, 1.253408106, 0.5013632424
828000, 1.14590562, 0.458362248
831600, 1.049035248, 0.4196140992
835200, 1.067936784, 0.4271747136
838800, 1.282941756, 0.5131767024
842400, 1.649159016, 0.6596636064
846000, 1.956308976, 0.7825235904
849600, 1.892516292, 0.7570065168
853200, 1.704682278, 0.6818729112
856800, 1.351459824, 0.5405839296
860400, 1.049035248, 0.4196140992
864000, 0.8538894, 0.34155576
867600, 0.7459803, 0.29839212
871200, 0.68264235, 0.27305694
874800, 0.6709131, 0.26836524
878400, 0.697890375, 0.27915615
882000, 0.735423975, 0.29416959
885600, 0.937167075, 0.37486683
889200, 1.291390425, 0.51655617
892800, 1.3840515, 0.5536206
896400, 1.244473425, 0.49778937
900000, 1.185827175, 0.47433087
903600, 1.25502975, 0.5020119
907200, 1.3089843, 0.52359372
910800, 1.206939825, 0.48277593
914400, 1.106068275, 0.44242731
918000, 0.988775775, 0.39551031
921600, 1.0227906, 0.40911624
925200, 1.25972145, 0.50388858
928800, 1.6702452, 0.66809808
932400, 1.9470555, 0.7788222
936000, 1.908348975, 0.76333959
939600, 1.6702452, 0.66809808
943200, 1.338307425, 0.53532297
946800, 1.02982815, 0.41193126
950400, 0.846912, 0.3387648
954000, 0.739845, 0.295938
957600, 0.698943, 0.2795772
961200, 0.682101, 0.2728404
964800, 0.713379, 0.2853516
968400, 0.755484, 0.3021936
972000, 0.928716, 0.3714864
975600, 1.290819, 0.5163276
979200, 1.412322, 0.5649288
982800, 1.330518, 0.5322072
986400, 1.270368, 0.5081472
990000, 1.28721, 0.514884
993600, 1.336533, 0.5346132
997200, 1.249917, 0.4999668
1000800, 1.184955, 0.473982
1004400, 1.0827, 0.43308
1008000, 1.129617, 0.4518468
1011600, 1.29924, 0.519696
1015200, 1.652922, 0.6611688
1018800, 1.934424, 0.7737696
1022400, 1.871868, 0.7487472
1026000, 1.675779, 0.6703116
1029600, 1.352172, 0.5408688
1033200, 1.11879, 0.447516
1036800, 0.88001856, 0.352007424
1040400, 0.772460736, 0.3089842944
1044000, 0.699125856, 0.2796503424
1047600, 0.67834764, 0.271339056
1051200, 0.693014616, 0.2772058464
1054800, 0.723570816, 0.2894283264
1058400, 0.789572208, 0.3158288832
1062000, 0.988798632, 0.3955194528
1065600, 1.315138848, 0.5260555392
1069200, 1.415363184, 0.5661452736
1072800, 1.377473496, 0.5509893984
1076400, 1.452030624, 0.5808122496
1080000, 1.55225496, 0.620901984
1083600, 1.46058636, 0.584234544
1087200, 1.372584504, 0.5490338016
1090800, 1.225914744, 0.4903658976
1094400, 1.205136528, 0.4820546112
1098000, 1.355473032, 0.5421892128
1101600, 1.651257048, 0.6605028192
1105200, 1.84559448, 0.738237792
1108800, 1.797926808, 0.7191707232
1112400, 1.584033408, 0.6336133632
1116000, 1.346917296, 0.5387669184
1119600, 1.131801648, 0.4527206592
1123200, 0.948079488, 0.3792317952
1126800, 0.839655504, 0.3358622016
1130400, 0.753924912, 0.3015699648
1134000, 0.70601664, 0.282406656
1137600, 0.709798872, 0.2839195488
1141200, 0.71862408, 0.287449632
1144800, 0.7564464, 0.30257856
1148400, 0.871174104, 0.3484696416
1152000, 1.135930344, 0.4543721376
1155600, 1.391861376, 0.5567445504
1159200, 1.60114488, 0.640457952
1162800, 1.722176304, 0.6888705216
1166400, 1.763780856, 0.7055123424
1170000, 1.520457264, 0.6081829056
1173600, 1.394382864, 0.5577531456
1177200, 1.258222512, 0.5032890048
1180800, 1.230486144, 0.4921944576
1184400, 1.410772536, 0.5643090144
1188000, 1.705786632, 0.6823146528
1191600, 1.891116, 0.7564464
1195200, 1.875987072, 0.7503948288
1198800, 1.6704858, 0.66819432
1202400, 1.3237812, 0.52951248
1206000, 1.062807192, 0.4251228768
1209600, 0.845647506, 0.3382590024
1213200, 0.740241018, 0.2960964072
1216800, 0.671966361, 0.2687865444
1220400, 0.656394948, 0.2625579792
1224000, 0.680350968, 0.2721403872
1227600, 0.717482799, 0.2869931196
1231200, 0.903141954, 0.3612567816
1234800, 1.220559219, 0.4882236876
1238400, 1.424185389, 0.5696741556
1242000, 1.361899737, 0.5447598948
1245600, 1.367888742, 0.5471554968
1249200, 1.358306334, 0.5433225336
1252800, 1.415800782, 0.5663203128
1256400, 1.243317438, 0.4973269752
1260000, 1.143899955, 0.457559982
1263600, 1.050471477, 0.4201885908
1267200, 1.092394512, 0.4369578048
1270800, 1.29362508, 0.517450032
1274400, 1.699679619, 0.6798718476
1278000, 1.966789242, 0.7867156968
1281600, 1.900910187, 0.7603640748
1285200, 1.690097211, 0.6760388844
1288800, 1.306800891, 0.5227203564
1292400, 1.008548442, 0.4034193768
1296000, 0.835852875, 0.33434115
1299600, 0.732978675, 0.29319147
1303200, 0.6873867, 0.27495468
1306800, 0.667513275, 0.26700531
1310400, 0.693231825, 0.27729273
1314000, 0.730640625, 0.29225625
1317600, 0.91417755, 0.36567102
1321200, 1.24618065, 0.49847226
1324800, 1.371266325, 0.54850653
1328400, 1.284758475, 0.51390339
1332000, 1.21812405, 0.48724962
1335600, 1.270730175, 0.50829207
1339200, 1.37711145, 0.55084458
1342800, 1.19006745, 0.47602698
1346400, 1.09654545, 0.43861818
1350000, 0.992502225, 0.39700089
1353600, 1.04510835, 0.41804334
1357200, 1.26956115, 0.50782446
1360800, 1.633127925, 0.65325117
1364400, 1.94291955, 0.77716782
1368000, 1.8797922, 0.75191688
1371600, 1.67638185, 0.67055274
1375200, 1.3373646, 0.53494584
1378800, 1.01705175, 0.4068207
1382400, 0.8401393, 0.33605572
1386000, 0.73203746, 0.292814984
1389600, 0.6873867, 0.27495468
1393200, 0.66271128, 0.265084512
1396800, 0.68268662, 0.273074648
1400400, 0.72146228, 0.288584912
1404000, 0.89184018, 0.356736072
1407600, 1.2102706, 0.48410824
1411200, 1.31367236, 0.525468944
1414800, 1.29604706, 0.518418824
1418400, 1.20909558, 0.483638232
1422000, 1.2748967, 0.50995868
1425600, 1.39122368, 0.556489472
1429200, 1.25022128, 0.500088512
1432800, 1.14329446, 0.457317784
1436400, 1.0457678, 0.41830712
1440000, 1.05046788, 0.420187152
1443600, 1.24787124, 0.499148496
1447200, 1.60860238, 0.643440952
1450800, 1.94700814, 0.778803256
1454400, 1.8859071, 0.75436284
1458000, 1.70260398, 0.681041592
1461600, 1.34892296, 0.539569184
1465200, 1.057518, 0.4230072
1468800, 0.85835211, 0.343340844
1472400, 0.748576466, 0.2994305864
1476000, 0.68901734, 0.275606936
1479600, 0.675003428, 0.2700013712
1483200, 0.703031252, 0.2812125008
1486800, 0.734562554, 0.2938250216
1490400, 0.9342608, 0.37370432
1494000, 1.2846086, 0.51384344
1497600, 1.37219555, 0.54887822
1501200, 1.247238168, 0.4988952672
1504800, 1.176000782, 0.4704003128
1508400, 1.248405994, 0.4993623976
1512000, 1.30212599, 0.520850396
1515600, 1.211035562, 0.4844142248
1519200, 1.098924266, 0.4395697064
1522800, 0.973966884, 0.3895867536
1526400, 1.007833838, 0.4031335352
1530000, 1.225049474, 0.4900197896
1533600, 1.645466834, 0.6581867336
1537200, 1.939758986, 0.7759035944
1540800, 1.896549424, 0.7586197696
1544400, 1.665319876, 0.6661279504
1548000, 1.33716077, 0.534864308
1551600, 1.032358184, 0.4129432736
1555200, 0.834643084, 0.3338572336
1558800, 0.72706161, 0.290824644
1562400, 0.69159519, 0.276638076
1566000, 0.675044194, 0.2700176776
1569600, 0.706963972, 0.2827855888
1573200, 0.745977034, 0.2983908136
1576800, 0.918580278, 0.3674321112
1580400, 1.260240124, 0.5040960496
1584000, 1.386737022, 0.5546948088
1587600, 1.29452433, 0.517809732
1591200, 1.237778058, 0.4951112232
1594800, 1.267333408, 0.5069333632
1598400, 1.325261894, 0.5301047576
1602000, 1.236595844, 0.4946383376
1605600, 1.175120716, 0.4700482864
1609200, 1.071085884, 0.4284343536
1612800, 1.103005662, 0.4412022648
1616400, 1.251964626, 0.5007858504
1620000, 1.603082184, 0.6412328736
1623600, 1.906911182, 0.7627644728
1627200, 1.846618268, 0.7386473072
1630800, 1.652735172, 0.6610940688
1634400, 1.334719606, 0.5338878424
1638000, 1.098276806, 0.4393107224
1641600, 0.894483975, 0.35779359
1645200, 0.78961344, 0.315845376
1648800, 0.714353409, 0.2857413636
1652400, 0.693379302, 0.2773517208
1656000, 0.706950783, 0.2827803132
1659600, 0.734093745, 0.293637498
1663200, 0.80195115, 0.32078046
1666800, 0.991951884, 0.3967807536
1670400, 1.330005138, 0.5320020552
1674000, 1.436109444, 0.5744437776
1677600, 1.396628772, 0.5586515088
1681200, 1.46818749, 0.587274996
1684800, 1.574291796, 0.6297167184
1688400, 1.473122574, 0.5892490296
1692000, 1.376888436, 0.5507553744
1695600, 1.228835916, 0.4915343664
1699200, 1.206628038, 0.4826512152
1702800, 1.343576619, 0.5374306476
1706400, 1.650785598, 0.6603142392
1710000, 1.874098149, 0.7496392596
1713600, 1.821045996, 0.7284183984
1717200, 1.598967216, 0.6395868864
1720800, 1.350979245, 0.540391698
1724400, 1.133835549, 0.4535342196
1728000, 0.95050725, 0.3802029
1731600, 0.845317781, 0.3381271124
1735200, 0.759138457, 0.3036553828
1738800, 0.718583481, 0.2874333924
1742400, 0.718583481, 0.2874333924
1746000, 0.729989568, 0.2919958272
1749600, 0.765475172, 0.3061900688
1753200, 0.878268699, 0.3513074796
1756800, 1.143143386, 0.4572573544
1760400, 1.399146672, 0.5596586688
1764000, 1.606990924, 0.6427963696
1767600, 1.731190538, 0.6924762152
1771200, 1.784418944, 0.7137675776
1774800, 1.530950344, 0.6123801376
1778400, 1.405483387, 0.5621933548
1782000, 1.276214401, 0.5104857604
1785600, 1.225520681, 0.4902082724
1789200, 1.3940773, 0.55763092
1792800, 1.690635562, 0.6762542248
1796400, 1.906083872, 0.7624335488
1800000, 1.882004355, 0.752801742
1803600, 1.67289276, 0.669157104
1807200, 1.328175464, 0.5312701856
1810800, 1.083578265, 0.433431306
1814400, 0.846991728, 0.3387966912
1818000, 0.736930656, 0.2947722624
1821600, 0.674722224, 0.2698888896
1825200, 0.660366432, 0.2641465728
1828800, 0.68190012, 0.272760048
1832400, 0.720182232, 0.2880728928
1836000, 0.900825948, 0.3603303792
1839600, 1.20827916, 0.483311664
1843200, 1.39968972, 0.559875888
1846800, 1.362603924, 0.5450415696
1850400, 1.380548664, 0.5522194656
1854000, 1.378156032, 0.5512624128
1857600, 1.42361604, 0.569446416
1861200, 1.254935484, 0.5019741936
1864800, 1.158033888, 0.4632135552
1868400, 1.05275808, 0.421103232
1872000, 1.077880716, 0.4311522864
1875600, 1.263309696, 0.5053238784
1879200, 1.6748424, 0.66993696
1882800, 1.969136136, 0.7876544544
1886400, 1.900946124, 0.7603784496
1890000, 1.68082398, 0.672329592
1893600, 1.305180756, 0.5220723024
1897200, 1.013279652, 0.4053118608
1900800, 0.828247464, 0.3312989856
1904400, 0.719813952, 0.2879255808
1908000, 0.679439772, 0.2717759088
1911600, 0.6632901, 0.26531604
1915200, 0.688668156, 0.2754672624
1918800, 0.724428144, 0.2897712576
1922400, 0.902074536, 0.3608298144
1926000, 1.213532496, 0.4854129984
1929600, 1.347344064, 0.5389376256
1933200, 1.278131184, 0.5112524736
1936800, 1.210071852, 0.4840287408
1940400, 1.266595704, 0.5066382816
1944000, 1.365800832, 0.5463203328
1947600, 1.185847344, 0.4743389376
1951200, 1.092409956, 0.4369639824
1954800, 0.981669348, 0.3926677392
1958400, 1.023197076, 0.4092788304
1962000, 1.221607332, 0.4886429328
1965600, 1.582667856, 0.6330671424
1969200, 1.905661296, 0.7622645184
1972800, 1.852598088, 0.7410392352
1976400, 1.657648476, 0.6630593904
1980000, 1.321966008, 0.5287864032
1983600, 1.012815144, 0.4051260576
1987200, 0.839336256, 0.3357345024
1990800, 0.73062, 0.292248
1994400, 0.68970528, 0.275882112
1998000, 0.66632544, 0.266530176
2001600, 0.685029312, 0.2740117248
2005200, 0.725944032, 0.2903776128
2008800, 0.89427888, 0.357711552
2012400, 1.201723776, 0.4806895104
2016000, 1.296412128, 0.5185648512
2019600, 1.299919104, 0.5199676416
2023200, 1.208737728, 0.4834950912
2026800, 1.27420128, 0.509680512
2030400, 1.394607456, 0.5578429824
2034000, 1.249652448, 0.4998609792
2037600, 1.144443168, 0.4577772672
2041200, 1.036895904, 0.4147583616
2044800, 1.035726912, 0.4142907648
2048400, 1.219258656, 0.4877034624
2052000, 1.574632224, 0.6298528896
2055600, 1.927667808, 0.7710671232
2059200, 1.877401152, 0.7509604608
2062800, 1.685686464, 0.6742745856
2066400, 1.3443408, 0.53773632
2070000, 1.055599776, 0.4222399104
2073600, 0.8501922, 0.34007688
2077200, 0.7424703, 0.29698812
2080800, 0.6903468, 0.27613872
2084400, 0.6741306, 0.26965224
2088000, 0.7019298, 0.28077192
2091600, 0.7332039, 0.29328156
2095200, 0.92664, 0.370656
2098800, 1.2648636, 0.50594544
2102400, 1.343628, 0.5374512
2106000, 1.2301146, 0.49204584
2109600, 1.1803077, 0.47212308
2113200, 1.239381, 0.4957524
2116800, 1.2949794, 0.51799176
2120400, 1.2023154, 0.48092616
2124000, 1.0876437, 0.43505748
2127600, 0.9718137, 0.38872548
2131200, 1.0030878, 0.40123512
2134800, 1.1918907, 0.47675628
2138400, 1.62162, 0.648648
2142000, 1.9274112, 0.77096448
2145600, 1.8810792, 0.75243168
2149200, 1.6656354, 0.66625416
2152800, 1.3285701, 0.53142804
2156400, 1.0250955, 0.4100382
2160000, 0.814794552, 0.3259178208
2163600, 0.71381574, 0.285526296
2167200, 0.676674108, 0.2706696432
2170800, 0.663906672, 0.2655626688
2174400, 0.694084248, 0.2776336992
2178000, 0.73122588, 0.292490352
2181600, 0.896041872, 0.3584167488
2185200, 1.2187098, 0.48748392
2188800, 1.360312272, 0.5441249088
2192400, 1.275582924, 0.5102331696
2196000, 1.227995208, 0.4911980832
2199600, 1.257012108, 0.5028048432
2203200, 1.315045908, 0.5260183632
2206800, 1.219870476, 0.4879481904
2210400, 1.161836676, 0.4647346704
2214000, 1.055054484, 0.4220217936
2217600, 1.071303948, 0.4285215792
2221200, 1.211745744, 0.4846982976
2224800, 1.554145164, 0.6216580656
2228400, 1.879134444, 0.7516537776
2232000, 1.818779292, 0.7275117168
2235600, 1.631910456, 0.6527641824
2239200, 1.316206584, 0.5264826336
2242800, 1.077107328, 0.4308429312
2246400, 0.886131576, 0.3544526304
2250000, 0.782526096, 0.3130104384
2253600, 0.709392816, 0.2837571264
2257200, 0.68867172, 0.275468688
2260800, 0.697203936, 0.2788815744
2264400, 0.730113912, 0.2920455648
2268000, 0.7922772, 0.31691088
2271600, 0.976329288, 0.3905317152
2275200, 1.300553496, 0.5202213984
2278800, 1.42000452, 0.568001808
2282400, 1.38343788, 0.553375152
2286000, 1.452914496, 0.5811657984
2289600, 1.56627108, 0.626508432
2293200, 1.4626656, 0.58506624
2296800, 1.355403456, 0.5421613824
2300400, 1.214012448, 0.4856049792
2304000, 1.187196912, 0.4748787648
2307600, 1.29811572, 0.519246288
2311200, 1.60283772, 0.641135088
2314800, 1.85270976, 0.741083904
2318400, 1.81004868, 0.724019472
2322000, 1.59674328, 0.638697312
2325600, 1.338339024, 0.5353356096
2329200, 1.122595848, 0.4490383392
2332800, 0.94697856, 0.378791424
2336400, 0.84119904, 0.336479616
2340000, 0.75934584, 0.303738336
2343600, 0.7177896, 0.28711584
2347200, 0.71653032, 0.286612128
2350800, 0.72660456, 0.290641824
2354400, 0.76312368, 0.305249472
2358000, 0.87142176, 0.348568704
2361600, 1.14090768, 0.456363072
2365200, 1.385208, 0.5540832
2368800, 1.58795208, 0.635180832
2372400, 1.7441028, 0.69764112
2376000, 1.78314048, 0.713256192
2379600, 1.51995096, 0.607980384
2383200, 1.39654152, 0.558616608
2386800, 1.2655764, 0.50623056
2390400, 1.21016808, 0.484067232
2394000, 1.35120744, 0.540482976
2397600, 1.66099032, 0.664396128
2401200, 1.90529064, 0.762116256
2404800, 1.86751224, 0.747004896
2408400, 1.65973104, 0.663892416
2412000, 1.3159476, 0.52637904
2415600, 1.0829808, 0.43319232
2419200, 0.84032547, 0.336130188
2422800, 0.731438226, 0.2925752904
2426400, 0.671076819, 0.2684307276
2430000, 0.659241249, 0.2636964996
2433600, 0.681728832, 0.2726915328
2437200, 0.719602656, 0.2878410624
2440800, 0.898319763, 0.3593279052
2444400, 1.198943241, 0.4795772964
2448000, 1.378843905, 0.551537562
2451600, 1.346887866, 0.5387551464
2455200, 1.377660348, 0.5510641392
2458800, 1.364641221, 0.5458564884
2462400, 1.419084843, 0.5676339372
2466000, 1.249836192, 0.4999344768
2469600, 1.152784518, 0.4611138072
2473200, 1.037979489, 0.4151917956
2476800, 1.058099958, 0.4232399832
2480400, 1.21906371, 0.487625484
2484000, 1.642777116, 0.6571108464
2487600, 1.945767708, 0.7783070832
2491200, 1.873570731, 0.7494282924
2494800, 1.6569798, 0.66279192
2498400, 1.284159345, 0.513663738
2502000, 1.003656336, 0.4014625344
2505600, 0.818632008, 0.3274528032
2509200, 0.713737656, 0.2854950624
2512800, 0.670411728, 0.2681646912
2516400, 0.6555897, 0.26223588
2520000, 0.680673132, 0.2722692528
2523600, 0.717158124, 0.2868632496
2527200, 0.888181524, 0.3552726096
2530800, 1.1971638, 0.47886552
2534400, 1.324861272, 0.5299445088
2538000, 1.264433004, 0.5057732016
2541600, 1.215406296, 0.4861625184
2545200, 1.25987238, 0.503948952
2548800, 1.35108486, 0.540433944
2552400, 1.181201616, 0.4724806464
2556000, 1.084288356, 0.4337153424
2559600, 0.97483338, 0.389933352
2563200, 1.006757748, 0.4027030992
2566800, 1.181201616, 0.4724806464
2570400, 1.542631068, 0.6170524272
2574000, 1.873276308, 0.7493105232
2577600, 1.832230692, 0.7328922768
2581200, 1.638404172, 0.6553616688
2584800, 1.306618776, 0.5226475104
2588400, 1.010178216, 0.4040712864
2592000, 0.82536972, 0.330147888
2595600, 0.72191112, 0.288764448
2599200, 0.68052768, 0.272211072
2602800, 0.65868642, 0.263474568
2606400, 0.6724809, 0.26899236
2610000, 0.71501388, 0.286005552
2613600, 0.88284672, 0.353138688
2617200, 1.17942804, 0.471771216
2620800, 1.2587463, 0.50349852
2624400, 1.2759894, 0.51039576
2628000, 1.20816654, 0.483266616
2631600, 1.264494, 0.5057976
2635200, 1.36335444, 0.545341776
2638800, 1.21966194, 0.487864776
2642400, 1.13689506, 0.454758024
2646000, 1.01274474, 0.405097896
2649600, 1.0173429, 0.40693716
2653200, 1.17368034, 0.469472136
2656800, 1.53118728, 0.612474912
2660400, 1.9024887, 0.76099548
2664000, 1.84960986, 0.739843944
2667600, 1.66338438, 0.665353752
2671200, 1.321971, 0.5287884
2674800, 1.0460814, 0.41843256
2678400, 0.841435128, 0.3365740512
2682000, 0.737680932, 0.2950723728
2685600, 0.6840936, 0.27363744
2689200, 0.669271572, 0.2677086288
2692800, 0.692074692, 0.2768298768
2696400, 0.722858904, 0.2891435616
2700000, 0.908704332, 0.3634817328
2703600, 1.241629884, 0.4966519536
2707200, 1.313459712, 0.5253838848
2710800, 1.213125984, 0.4852503936
2714400, 1.176640992, 0.4706563968
2718000, 1.23136848, 0.492547392
2721600, 1.280395188, 0.5121580752
2725200, 1.19146302, 0.476585208
2728800, 1.06604586, 0.426418344
2732400, 0.956590884, 0.3826363536
2736000, 0.978253848, 0.3913015392
2739600, 1.149277248, 0.4597108992
2743200, 1.57911606, 0.631646424
2746800, 1.901780208, 0.7607120832
2750400, 1.848192876, 0.7392771504
2754000, 1.646385264, 0.6585541056
2757600, 1.302058152, 0.5208232608
2761200, 1.00903806, 0.403615224
2764800, 0.811066158, 0.3244264632
2768400, 0.714701862, 0.2858807448
2772000, 0.679138848, 0.2716555392
2775600, 0.661930938, 0.2647723752
2779200, 0.691757982, 0.2767031928
2782800, 0.733056966, 0.2932227864
2786400, 0.893664126, 0.3574656504
2790000, 1.22749758, 0.490999032
2793600, 1.34221698, 0.536886792
2797200, 1.25617743, 0.502470972
2800800, 1.217172834, 0.4868691336
2804400, 1.245852684, 0.4983410736
2808000, 1.311242742, 0.5244970968
2811600, 1.19308176, 0.477232704
2815200, 1.134574866, 0.4538299464
2818800, 1.022149854, 0.4088599416
2822400, 1.04394654, 0.417578616
2826000, 1.15866594, 0.463466376
2829600, 1.500529752, 0.6002119008
2833200, 1.853865504, 0.7415462016
2836800, 1.811419326, 0.7245677304
2840400, 1.62901548, 0.651606192
2844000, 1.30206519, 0.520826076
2847600, 1.06689042, 0.426756168
2851200, 0.8801019, 0.35204076
2854800, 0.775499625, 0.31019985
2858400, 0.70937175, 0.2837487
2862000, 0.6877299, 0.27509196
2865600, 0.6925392, 0.27701568
2869200, 0.71899035, 0.28759614
2872800, 0.777904275, 0.31116171
2876400, 0.9522414, 0.38089656
2880000, 1.27205985, 0.50882394
2883600, 1.39710165, 0.55884066
2887200, 1.369448175, 0.54777927
2890800, 1.43557605, 0.57423042
2894400, 1.552201575, 0.62088063
2898000, 1.443992325, 0.57759693
2901600, 1.3321761, 0.53287044
2905200, 1.19511105, 0.47804442
2908800, 1.167457575, 0.46698303
2912400, 1.263643575, 0.50545743
2916000, 1.554606225, 0.62184249
2919600, 1.840759575, 0.73630383
2923200, 1.7842503, 0.71370012
2926800, 1.57023645, 0.62809458
2930400, 1.316545875, 0.52661835
2934000, 1.116959925, 0.44678397
2937600, 0.934805928, 0.3739223712
2941200, 0.832464024, 0.3329856096
2944800, 0.751339344, 0.3005357376
2948400, 0.708904896, 0.2835619584
2952000, 0.710152968, 0.2840611872
2955600, 0.72388176, 0.289552704
2959200, 0.760075848, 0.3040303392
2962800, 0.869906184, 0.3479624736
2966400, 1.132001304, 0.4528005216
2970000, 1.37911956, 0.551647824
2973600, 1.580059152, 0.6320236608
2977200, 1.746052728, 0.6984210912
2980800, 1.774758384, 0.7099033536
2984400, 1.500182544, 0.6000730176
2988000, 1.367886912, 0.5471547648
2991600, 1.243079712, 0.4972318848
2995200, 1.1856684, 0.47426736
2998800, 1.300491024, 0.5201964096
3002400, 1.621245528, 0.6484982112
3006000, 1.91579052, 0.766316208
3009600, 1.882092576, 0.7528370304
3013200, 1.652447328, 0.6609789312
3016800, 1.312971744, 0.5251886976
3020400, 1.064605416, 0.4258421664
3024000, 0.838099472, 0.3352397888
3027600, 0.72980572, 0.291922288
3031200, 0.673304632, 0.2693218528
3034800, 0.654470936, 0.2617883744
3038400, 0.681544374, 0.2726177496
3042000, 0.725097296, 0.2900389184
3045600, 0.902840302, 0.3611361208
3049200, 1.23007577, 0.492030308
3052800, 1.384276656, 0.5537106624
3056400, 1.345432158, 0.5381728632
3060000, 1.367797172, 0.5471188688
3063600, 1.3536719, 0.54146876
3067200, 1.39487061, 0.557948244
3070800, 1.227721558, 0.4910886232
3074400, 1.12413623, 0.449654492
3078000, 1.008779842, 0.4035119368
3081600, 1.021728008, 0.4086912032
3085200, 1.170043364, 0.4680173456
3088800, 1.605572584, 0.6422290336
3092400, 1.956350172, 0.7825400688
3096000, 1.905734614, 0.7622938456
3099600, 1.663250778, 0.6653003112
3103200, 1.293639494, 0.5174557976
3106800, 1.0005401, 0.40021604
3110400, 0.817097484, 0.3268389936
3114000, 0.712545372, 0.2850181488
3117600, 0.671633676, 0.2686534704
3121200, 0.657996444, 0.2631985776
3124800, 0.685270908, 0.2741083632
3128400, 0.72163686, 0.288654744
3132000, 0.902330184, 0.3609320736
3135600, 1.236442368, 0.4945769472
3139200, 1.3353123, 0.53412492
3142800, 1.263716832, 0.5054867328
3146400, 1.195530672, 0.4782122688
3150000, 1.236442368, 0.4945769472
3153600, 1.326220812, 0.5304883248
3157200, 1.169392644, 0.4677570576
3160800, 1.061431224, 0.4245724896
3164400, 0.95460624, 0.381842496
3168000, 0.985290012, 0.3941160048
3171600, 1.152346104, 0.4609384416
3175200, 1.516005624, 0.6064022496
3178800, 1.883074452, 0.7532297808
3182400, 1.845572064, 0.7382288256
3186000, 1.648968636, 0.6595874544
3189600, 1.313720016, 0.5254880064
3193200, 1.01142804, 0.404571216
3196800, 0.82074384, 0.328297536
3200400, 0.715871016, 0.2863484064
3204000, 0.677113668, 0.2708454672
3207600, 0.653175306, 0.2612701224
3211200, 0.671414058, 0.2685656232
3214800, 0.71245125, 0.2849805
3218400, 0.887999238, 0.3551996952
3222000, 1.201477788, 0.4805911152
3225600, 1.263033576, 0.5052134304
3229200, 1.268733186, 0.5074932744
3232800, 1.193498334, 0.4773993336
3236400, 1.24251498, 0.497005992
3240000, 1.348527726, 0.5394110904
3243600, 1.203757632, 0.4815030528
3247200, 1.115983638, 0.4463934552
3250800, 1.000851516, 0.4003406064
3254400, 0.996291828, 0.3985167312
3258000, 1.131942546, 0.4527770184
3261600, 1.48759821, 0.595039284
3265200, 1.887710832, 0.7550843328
3268800, 1.854653094, 0.7418612376
3272400, 1.662006276, 0.6648025104
3276000, 1.317749832, 0.5270999328
3279600, 1.039608864, 0.4158435456
3283200, 0.827009344, 0.3308037376
3286800, 0.727004138, 0.2908016552
3290400, 0.678687016, 0.2714748064
3294000, 0.661832206, 0.2647328824
3297600, 0.682057978, 0.2728231912
3301200, 0.715767598, 0.2863070392
3304800, 0.909036086, 0.3636144344
3308400, 1.253997864, 0.5015991456
3312000, 1.301191332, 0.5204765328
3315600, 1.200062472, 0.4800249888
3319200, 1.153992658, 0.4615970632
3322800, 1.203433434, 0.4813733736
3326400, 1.262987096, 0.5051948384
3330000, 1.164105544, 0.4656422176
3333600, 1.02814341, 0.411257364
3337200, 0.928138204, 0.3712552816
3340800, 0.94948763, 0.379795052
3344400, 1.105675536, 0.4422702144
3348000, 1.531540402, 0.6126161608
3351600, 1.885491412, 0.7541965648
3355200, 1.841668906, 0.7366675624
3358800, 1.638287532, 0.6553150128
3362400, 1.288831138, 0.5155324552
3366000, 0.99443379, 0.397773516
3369600, 0.80738084, 0.322952336
3373200, 0.71400252, 0.285601008
3376800, 0.6775622, 0.27102488
3380400, 0.65934204, 0.263736816
3384000, 0.68781104, 0.275124416
3387600, 0.73108392, 0.292433568
3391200, 0.8996204, 0.35984816
3394800, 1.25377476, 0.501509904
3398400, 1.35056936, 0.540227744
3402000, 1.24010964, 0.496043856
3405600, 1.20025304, 0.480101216
3409200, 1.23669336, 0.494677344
3412800, 1.281105, 0.512442
3416400, 1.18089412, 0.472357648
3420000, 1.10915224, 0.443660896
3423600, 0.99869252, 0.399477008
3427200, 1.01805144, 0.407220576
3430800, 1.12395612, 0.449582448
3434400, 1.4690004, 0.58760016
3438000, 1.84137492, 0.736549968
3441600, 1.81404468, 0.725617872
3445200, 1.63867564, 0.655470256
3448800, 1.3038802, 0.52155208
3452400, 1.06360184, 0.425440736
3456000, 0.873891396, 0.3495565584
3459600, 0.767784528, 0.3071138112
3463200, 0.704597292, 0.2818389168
3466800, 0.681945264, 0.2727781056
3470400, 0.687906324, 0.2751625296
3474000, 0.714134988, 0.2856539952
3477600, 0.7749378, 0.30997512
3481200, 0.964499508, 0.3857998032
3484800, 1.288781172, 0.5155124688
3488400, 1.399656888, 0.5598627552
3492000, 1.366274952, 0.5465099808
3495600, 1.427077764, 0.5708311056
3499200, 1.545106752, 0.6180427008
3502800, 1.42469334, 0.569877336
3506400, 1.310240988, 0.5240963952
3510000, 1.173136608, 0.4692546432
3513600, 1.148100156, 0.4592400624
3517200, 1.231554996, 0.4926219984
3520800, 1.516493664, 0.6065974656
3524400, 1.831237632, 0.7324950528
3528000, 1.779972516, 0.7119890064
3531600, 1.560605508, 0.6242422032
3535200, 1.304279928, 0.5217119712
3538800, 1.093258404, 0.4373033616
3542400, 0.90472158, 0.361888632
3546000, 0.81032651, 0.324130604
3549600, 0.72819054, 0.291276216
3553200, 0.68896142, 0.275584568
3556800, 0.69141324, 0.276565296
3560400, 0.71225371, 0.284901484
3564000, 0.74903101, 0.299612404
3567600, 0.86549246, 0.346196984
3571200, 1.13274084, 0.453096336
3574800, 1.37792284, 0.551169136
3578400, 1.57161662, 0.628646648
3582000, 1.72608128, 0.690432512
3585600, 1.7407922, 0.69631688
3589200, 1.47354382, 0.589417528
3592800, 1.33379008, 0.533516032
3596400, 1.20506953, 0.482027812
3600000, 1.14990358, 0.459961432
3603600, 1.24675047, 0.498700188
3607200, 1.56180934, 0.624723736
3610800, 1.90629005, 0.76251602
3614400, 1.86583502, 0.746334008
3618000, 1.63904167, 0.655616668
3621600, 1.29088323, 0.516353292
3625200, 1.03834577, 0.415338308
3628800, 0.834767388, 0.3339069552
3632400, 0.727206324, 0.2908825296
3636000, 0.671087508, 0.2684350032
3639600, 0.650042952, 0.2600171808
3643200, 0.676933218, 0.2707732872
3646800, 0.722529756, 0.2890119024
3650400, 0.908423334, 0.3633693336
3654000, 1.23929052, 0.495716208
3657600, 1.386602412, 0.5546409648
3661200, 1.357373862, 0.5429495448
3664800, 1.377249276, 0.5508997104
3668400, 1.357373862, 0.5429495448
3672000, 1.383094986, 0.5532379944
3675600, 1.211231112, 0.4844924448
3679200, 1.1106849, 0.44427396
3682800, 0.992601558, 0.3970406232
3686400, 1.000785552, 0.4003142208
3690000, 1.132898598, 0.4531594392
3693600, 1.559635428, 0.6238541712
3697200, 1.93493001, 0.773972004
3700800, 1.89985575, 0.7599423
3704400, 1.649659362, 0.6598637448
3708000, 1.288394484, 0.5153577936
3711600, 1.001954694, 0.4007818776
3715200, 0.814151748, 0.3256606992
3718800, 0.705898884, 0.2823595536
3722400, 0.669814596, 0.2679258384
3726000, 0.652900086, 0.2611600344
3729600, 0.683346204, 0.2733384816
3733200, 0.718302858, 0.2873211432
3736800, 0.899851932, 0.3599407728
3740400, 1.233631596, 0.4934526384
3744000, 1.317076512, 0.5268306048
3747600, 1.25731191, 0.502924764
3751200, 1.179505164, 0.4718020656
3754800, 1.22348289, 0.489393156
3758400, 1.310310708, 0.5241242832
3762000, 1.162590654, 0.4650362616
3765600, 1.062231228, 0.4248924912
3769200, 0.944957292, 0.3779829168
3772800, 0.96976524, 0.387906096
3776400, 1.119740562, 0.4478962248
3780000, 1.479455808, 0.5917823232
3783600, 1.869617172, 0.7478468688
3787200, 1.840298688, 0.7361194752
3790800, 1.647473274, 0.6589893096
3794400, 1.310310708, 0.5241242832
3798000, 1.011487698, 0.4045950792
3801600, 0.817180679, 0.3268722716
3805200, 0.71404137, 0.285616548
3808800, 0.676639203, 0.2706556812
3812400, 0.652837824, 0.2611351296
3816000, 0.669838809, 0.2679355236
3819600, 0.710641173, 0.2842564692
3823200, 0.885184619, 0.3540738476
3826800, 1.198002743, 0.4792010972
3830400, 1.252405895, 0.500962358
3834000, 1.262606486, 0.5050425944
3837600, 1.205936536, 0.4823746144
3841200, 1.238805107, 0.4955220428
3844800, 1.347611411, 0.5390445644
3848400, 1.196869344, 0.4787477376
3852000, 1.100530429, 0.4402121716
3855600, 0.993990923, 0.3975963692
3859200, 0.975856539, 0.3903426156
3862800, 1.09939703, 0.439758812
3866400, 1.445083725, 0.57803349
3870000, 1.893909729, 0.7575638916
3873600, 1.857640961, 0.7430563844
3877200, 1.660429535, 0.664171814
3880800, 1.312476042, 0.5249904168
3884400, 1.034793287, 0.4139173148
3888000, 0.833282324, 0.3333129296
3891600, 0.725472212, 0.2901888848
3895200, 0.680551332, 0.2722205328
3898800, 0.663706002, 0.2654824008
3902400, 0.680551332, 0.2722205328
3906000, 0.716488036, 0.2865952144
3909600, 0.91526293, 0.366105172
3913200, 1.270137882, 0.5080551528
3916800, 1.295967388, 0.5183869552
3920400, 1.205002606, 0.4820010424
3924000, 1.158958704, 0.4635834816
3927600, 1.211740738, 0.4846962952
3931200, 1.270137882, 0.5080551528
3934800, 1.157835682, 0.4631342728
3938400, 1.029811174, 0.4119244696
3942000, 0.929862216, 0.3719448864
3945600, 0.945584524, 0.3782338096
3949200, 1.087085296, 0.4348341184
3952800, 1.491373216, 0.5965492864
3956400, 1.879938828, 0.7519755312
3960000, 1.854109322, 0.7416437288
3963600, 1.641858164, 0.6567432656
3967200, 1.290352278, 0.5161409112
3970800, 0.99387447, 0.397549788
3974400, 0.808731495, 0.323492598
3978000, 0.709195311, 0.2836781244
3981600, 0.676393614, 0.2705574456
3985200, 0.65603394, 0.262413576
3988800, 0.687704544, 0.2750818176
3992400, 0.725030613, 0.2900122452
3996000, 0.898087842, 0.3592351368
3999600, 1.248726672, 0.4994906688
4003200, 1.325640996, 0.5302563984
4006800, 1.227235905, 0.490894362
4010400, 1.189909836, 0.4759639344
4014000, 1.222711533, 0.4890846132
4017600, 1.264561974, 0.5058247896
4021200, 1.178598906, 0.4714395624
4024800, 1.106208954, 0.4424835816
4028400, 0.987444189, 0.3949776756
4032000, 1.00667277, 0.402669108
4035600, 1.100553489, 0.4402213956
4039200, 1.43648811, 0.574595244
4042800, 1.834632846, 0.7338531384
4046400, 1.822190823, 0.7288763292
4050000, 1.645740315, 0.658296126
4053600, 1.304150229, 0.5216600916
4057200, 1.06322742, 0.425290968
4060800, 0.861719916, 0.3446879664
4064400, 0.761656811, 0.3046627244
4068000, 0.699264522, 0.2797058088
4071600, 0.672188623, 0.2688754492
4075200, 0.680429114, 0.2721716456
4078800, 0.703973374, 0.2815893496
4082400, 0.769897302, 0.3079589208
4086000, 0.966491873, 0.3865967492
4089600, 1.273744466, 0.5094977864
4093200, 1.37733921, 0.550935684
4096800, 1.35379495, 0.54151798
4100400, 1.407946748, 0.5631786992
4104000, 1.539794604, 0.6159178416
4107600, 1.391465766, 0.5565863064
4111200, 1.296111513, 0.5184446052
4114800, 1.148959888, 0.4595839552
4118400, 1.136010545, 0.454404218
4122000, 1.206643325, 0.48265733
4125600, 1.478579528, 0.5914318112
4129200, 1.805844742, 0.7223378968
4132800, 1.7658195, 0.7063278
4136400, 1.535085752, 0.6140343008
4140000, 1.290225448, 0.5160901792
4143600, 1.080681534, 0.4322726136
4147200, 0.893818283, 0.3575273132
4150800, 0.799477517, 0.3197910068
4154400, 0.722069709, 0.2888278836
4158000, 0.682156308, 0.2728625232
4161600, 0.678527817, 0.2714111268
4165200, 0.703927254, 0.2815709016
4168800, 0.743840655, 0.297536262
4172400, 0.868418846, 0.3473675384
4176000, 1.127251204, 0.4509004816
4179600, 1.371569598, 0.5486278392
4183200, 1.546946663, 0.6187786652
4186800, 1.711438255, 0.684575302
4190400, 1.71748574, 0.686994296
4194000, 1.456234388, 0.5824937552
4197600, 1.324399215, 0.529759686
4201200, 1.188935551, 0.4755742204
4204800, 1.12483221, 0.449932884
4208400, 1.208287503, 0.4833150012
4212000, 1.508242759, 0.6032971036
4215600, 1.881977332, 0.7527909328
4219200, 1.85053041, 0.740212164
4222800, 1.619516483, 0.6478065932
4226400, 1.274809838, 0.5099239352
4230000, 1.023234462, 0.4092937848
4233600, 0.819485928, 0.3277943712
4237200, 0.715313988, 0.2861255952
4240800, 0.664385484, 0.2657541936
4244400, 0.641236164, 0.2564944656
4248000, 0.667857882, 0.2671431528
4251600, 0.714156522, 0.2856626088
4255200, 0.899351082, 0.3597404328
4258800, 1.225756494, 0.4903025976
4262400, 1.363494948, 0.5453979792
4266000, 1.356550152, 0.5426200608
4269600, 1.361180016, 0.5444720064
4273200, 1.339188162, 0.5356752648
4276800, 1.390116666, 0.5560466664
4280400, 1.214181834, 0.4856727336
4284000, 1.106537496, 0.4426149984
4287600, 0.988475964, 0.3953903856
4291200, 0.997735692, 0.3990942768
4294800, 1.113482292, 0.4453929168
4298400, 1.51049313, 0.604197252
4302000, 1.917921162, 0.7671684648
4305600, 1.885512114, 0.7542048456
4309200, 1.633184526, 0.6532738104
4312800, 1.275527532, 0.5102110128
4316400, 0.996578226, 0.3986312904
4320000, 0.805240455, 0.322096182
4323600, 0.702205515, 0.280882206
4327200, 0.66300744, 0.265202976
4330800, 0.64284843, 0.257139372
4334400, 0.671967, 0.2687868
4338000, 0.708925185, 0.283570074
4341600, 0.895956, 0.3583824
4345200, 1.22521983, 0.490087932
4348800, 1.29689631, 0.518758524
4352400, 1.250978565, 0.500391426
4356000, 1.174822305, 0.469928922
4359600, 1.22074005, 0.48829602
4363200, 1.31033565, 0.52413426
4366800, 1.152423405, 0.460969362
4370400, 1.05050841, 0.420203364
4374000, 0.944113635, 0.377645454
4377600, 0.9631527, 0.38526108
4381200, 1.096426155, 0.438570462
4384800, 1.452568665, 0.581027466
4388400, 1.86134859, 0.744539436
4392000, 1.837829745, 0.735131898
4395600, 1.64631915, 0.65852766
4399200, 1.304735925, 0.52189437
4402800, 1.0079505, 0.4031802
4406400, 0.80799768, 0.323199072
4410000, 0.705875751, 0.2823503004
4413600, 0.671086962, 0.2684347848
4417200, 0.644153706, 0.2576614824
4420800, 0.659864772, 0.2639459088
4424400, 0.702509094, 0.2810036376
4428000, 0.879819696, 0.3519278784
4431600, 1.190674359, 0.4762697436
4435200, 1.238929776, 0.4955719104
4438800, 1.252396404, 0.5009585616
4442400, 1.196285454, 0.4785141816
4446000, 1.22321871, 0.489287484
4449600, 1.33544061, 0.534176244
4453200, 1.179452169, 0.4717808676
4456800, 1.093041306, 0.4372165224
4460400, 0.984186063, 0.3936744252
4464000, 0.955008369, 0.3820033476
4467600, 1.058252517, 0.4233010068
4471200, 1.409507064, 0.5638028256
4474800, 1.876350168, 0.7505400672
4478400, 1.847172474, 0.7388689896
4482000, 1.654150806, 0.6616603224
4485600, 1.318607325, 0.52744293
4489200, 1.031319261, 0.4125277044
4492800, 0.82673544, 0.330694176
4496400, 0.719093376, 0.2876373504
4500000, 0.674704896, 0.2698819584
4503600, 0.66027864, 0.264111456
4507200, 0.672485472, 0.2689941888
4510800, 0.706886544, 0.2827546176
4514400, 0.906634704, 0.3626538816
4518000, 1.255084272, 0.5020337088
4521600, 1.278388224, 0.5113552896
4525200, 1.191830688, 0.4767322752
4528800, 1.149661632, 0.4598646528
4532400, 1.196269536, 0.4785078144
4536000, 1.25952312, 0.503809248
4539600, 1.138564512, 0.4554258048
4543200, 1.019825328, 0.4079301312
4546800, 0.917731824, 0.3670927296
4550400, 0.928828944, 0.3715315776
4554000, 1.067542944, 0.4270171776
4557600, 1.439296464, 0.5757185856
4561200, 1.854328752, 0.7417315008
4564800, 1.839902496, 0.7359609984
4568400, 1.643483472, 0.6573933888
4572000, 1.286156208, 0.5144624832
4575600, 0.980985408, 0.3923941632
4579200, 0.799438344, 0.3197753376
4582800, 0.698950284, 0.2795801136
4586400, 0.668803866, 0.2675215464
4590000, 0.64758972, 0.259035888
4593600, 0.673270002, 0.2693080008
4597200, 0.71458176, 0.285832704
4600800, 0.884294928, 0.3537179712
4604400, 1.232653536, 0.4930614144
4608000, 1.30634478, 0.522537912
4611600, 1.213672458, 0.4854689832
4615200, 1.173477234, 0.4693908936
4618800, 1.210322856, 0.4841291424
4622400, 1.249401546, 0.4997606184
4626000, 1.167894564, 0.4671578256
4629600, 1.103135592, 0.4412542368
4633200, 0.968034978, 0.3872139912
4636800, 0.980316852, 0.3921267408
4640400, 1.072989174, 0.4291956696
4644000, 1.392317898, 0.5569271592
4647600, 1.809901614, 0.7239606456
4651200, 1.823300022, 0.7293200088
4654800, 1.645771116, 0.6583084464
4658400, 1.297412508, 0.5189650032
4662000, 1.050658494, 0.4202633976
4665600, 0.8342169, 0.33368676
4669200, 0.746767956, 0.2987071824
4672800, 0.67887996, 0.271551984
4676400, 0.654716436, 0.2618865744
4680000, 0.657017724, 0.2628070896
4683600, 0.68463318, 0.273853272
4687200, 0.75367182, 0.301468728
4690800, 0.952733232, 0.3810932928
4694400, 1.256503248, 0.5026012992
4698000, 1.356609276, 0.5426437104
4701600, 1.327843176, 0.5311372704
4705200, 1.385375376, 0.5541501504
4708800, 1.51885008, 0.607540032
4712400, 1.356609276, 0.5426437104
4716000, 1.266859044, 0.5067436176
4719600, 1.117275324, 0.4469101296
4723200, 1.101166308, 0.4404665232
4726800, 1.164451728, 0.4657806912
4730400, 1.418744052, 0.5674976208
4734000, 1.763937252, 0.7055749008
4737600, 1.730568576, 0.6922274304
4741200, 1.506192996, 0.6024771984
4744800, 1.272612264, 0.5090449056
4748400, 1.057441836, 0.4229767344
4752000, 0.8750352, 0.35001408
4755600, 0.7804368, 0.31217472
4759200, 0.70121064, 0.280484256
4762800, 0.66928368, 0.267713472
4766400, 0.66100632, 0.264402528
4770000, 0.6858384, 0.27433536
4773600, 0.72486024, 0.289944096
4777200, 0.84665568, 0.338662272
4780800, 1.09261152, 0.437044608
4784400, 1.33501992, 0.534007968
4788000, 1.51830432, 0.607321728
4791600, 1.68858144, 0.675432576
4795200, 1.6791216, 0.67164864
4798800, 1.43553072, 0.574212288
4802400, 1.30900536, 0.523602144
4806000, 1.17183768, 0.468735072
4809600, 1.0997064, 0.43988256
4813200, 1.16001288, 0.464005152
4816800, 1.4367132, 0.57468528
4820400, 1.82456664, 0.729826656
4824000, 1.82338416, 0.729353664
4827600, 1.59161808, 0.636647232
4831200, 1.25579376, 0.502317504
4834800, 1.00037808, 0.400151232
4838400, 0.801444, 0.3205776
4842000, 0.6979952, 0.27919808
4845600, 0.65366, 0.261464
4849200, 0.6286504, 0.25146016
4852800, 0.6582072, 0.26328288
4856400, 0.7025424, 0.28101696
4860000, 0.8957984, 0.35831936
4863600, 1.2072816, 0.48291264
4867200, 1.341424, 0.5365696
4870800, 1.3232352, 0.52929408
4874400, 1.3459712, 0.53838848
4878000, 1.3311928, 0.53247712
4881600, 1.375528, 0.5502112
4885200, 1.1856824, 0.47427296
4888800, 1.0788232, 0.43152928
4892400, 0.9674168, 0.38696672
4896000, 0.989016, 0.3956064
4899600, 1.0708656, 0.42834624
4903200, 1.4425992, 0.57703968
4906800, 1.8609416, 0.74437664
4910400, 1.8654888, 0.74619552
4914000, 1.6210768, 0.64843072
4917600, 1.2709424, 0.50837696
4921200, 0.9856056, 0.39424224
4924800, 0.7910784, 0.31643136
4928400, 0.68999616, 0.275998464
4932000, 0.6537384, 0.26149536
4935600, 0.63615888, 0.254463552
4939200, 0.66033072, 0.264132288
4942800, 0.6976872, 0.27907488
4946400, 0.8899632, 0.35598528
4950000, 1.20639456, 0.482557824
4953600, 1.2690216, 0.50760864
4957200, 1.2305664, 0.49222656
4960800, 1.15145856, 0.460583424
4964400, 1.20639456, 0.482557824
4968000, 1.30088448, 0.520353792
4971600, 1.12948416, 0.451793664
4975200, 1.0327968, 0.41311872
4978800, 0.92402352, 0.369609408
4982400, 0.93281328, 0.373125312
4986000, 1.04708016, 0.418832064
4989600, 1.3788936, 0.55155744
4993200, 1.79860464, 0.719441856
4996800, 1.81618416, 0.726473664
5000400, 1.61841456, 0.647365824
5004000, 1.29319344, 0.517277376
5007600, 1.00093392, 0.400373568
5011200, 0.79129344, 0.316517376
5014800, 0.68990208, 0.275960832
5018400, 0.66455424, 0.265821696
5022000, 0.633696, 0.2534784
5025600, 0.65132928, 0.260531712
5029200, 0.69210624, 0.276842496
5032800, 0.86954112, 0.347816448
5036400, 1.1682048, 0.46728192
5040000, 1.2067776, 0.48271104
5043600, 1.22661504, 0.490646016
5047200, 1.1792256, 0.47169024
5050800, 1.19796096, 0.479184384
5054400, 1.3059648, 0.52238592
5058000, 1.16049024, 0.464196096
5061600, 1.07893632, 0.431574528
5065200, 0.97754496, 0.391017984
5068800, 0.9422784, 0.37691136
5072400, 1.0249344, 0.40997376
5076000, 1.34894592, 0.539578368
5079600, 1.82614656, 0.730458624
5083200, 1.81953408, 0.727813632
5086800, 1.6365888, 0.65463552
5090400, 1.30706688, 0.522826752
5094000, 1.019424, 0.4077696
5097600, 0.80885952, 0.323543808
5101200, 0.6967296, 0.27869184
5104800, 0.66080448, 0.264321792
5108400, 0.64338624, 0.257354496
5112000, 0.65100672, 0.260402688
5115600, 0.69237504, 0.276950016
5119200, 0.89050752, 0.356203008
5122800, 1.22472, 0.489888
5126400, 1.25302464, 0.501209856
5130000, 1.18008576, 0.472034304
5133600, 1.13980608, 0.455922432
5137200, 1.18226304, 0.472905216
5140800, 1.24867008, 0.499468032
5144400, 1.11803328, 0.447213312
5148000, 1.006992, 0.4027968
5151600, 0.90139392, 0.360557568
5155200, 0.91881216, 0.367524864
5158800, 1.03203072, 0.412812288
5162400, 1.38583872, 0.554335488
5166000, 1.81149696, 0.724598784
5169600, 1.80605376, 0.722421504
5173200, 1.61227584, 0.644910336
5176800, 1.26717696, 0.506870784
5180400, 0.97215552, 0.388862208
5184000, 0.79159024, 0.316636096
5187600, 0.6881, 0.27524
5191200, 0.66167696, 0.264670784
5194800, 0.63635488, 0.254541952
5198400, 0.66167696, 0.264670784
5202000, 0.7046144, 0.28184576
5205600, 0.8752632, 0.35010528
5209200, 1.21876272, 0.487505088
5212800, 1.28482032, 0.513928128
5216400, 1.20334928, 0.481339712
5220000, 1.16041184, 0.464164736
5223600, 1.19894544, 0.479578176
5227200, 1.25619536, 0.502478144
5230800, 1.15490704, 0.461962816
5234400, 1.08664752, 0.434659008
5238000, 0.9578352, 0.38313408
5241600, 0.9688448, 0.38753792
5245200, 1.04371008, 0.417484032
5248800, 1.33106064, 0.532424256
5252400, 1.74942544, 0.699770176
5256000, 1.79236288, 0.716945152
5259600, 1.63712752, 0.654851008
5263200, 1.30023376, 0.520093504
5266800, 1.03820528, 0.415282112
5270400, 0.83902112, 0.335608448
5274000, 0.74630528, 0.298522112
5277600, 0.67648224, 0.270592896
5281200, 0.65130016, 0.260520064
5284800, 0.65130016, 0.260520064
5288400, 0.68220544, 0.272882176
5292000, 0.75889632, 0.303558528
5295600, 0.95119584, 0.380478336
5299200, 1.25681472, 0.502725888
5302800, 1.35181984, 0.540727936
5306400, 1.31862528, 0.527450112
5310000, 1.38844832, 0.555379328
5313600, 1.52122656, 0.608490624
5317200, 1.3563984, 0.54255936
5320800, 1.26597184, 0.506388736
5324400, 1.10801152, 0.443204608
5328000, 1.087408, 0.4349632
5331600, 1.13433824, 0.453735296
5335200, 1.37814656, 0.551258624
5338800, 1.73527424, 0.694109696
5342400, 1.7226832, 0.68907328
5346000, 1.51321408, 0.605285632
5349600, 1.27398432, 0.509593728
5353200, 1.0473456, 0.41893824
5356800, 0.86911104, 0.347644416
5360400, 0.76981744, 0.307926976
5364000, 0.66935568, 0.267742272
5367600, 0.66701936, 0.266807744
5371200, 0.6541696, 0.26166784
5374800, 0.67519648, 0.270078592
5378400, 0.72192288, 0.288769152
5382000, 0.83640256, 0.334561024
5385600, 1.07937984, 0.431751936
5389200, 1.31885264, 0.527541056
5392800, 1.51043088, 0.604172352
5396400, 1.6763096, 0.67052384
5400000, 1.67163696, 0.668654784
5403600, 1.42398704, 0.569594816
5407200, 1.29548944, 0.518195776
5410800, 1.15297392, 0.461189568
5414400, 1.08522064, 0.434088256
5418000, 1.14596496, 0.458385984
5421600, 1.3842696, 0.55370784
5425200, 1.77910768, 0.711643072
5428800, 1.79779824, 0.719119296
5432400, 1.59921104, 0.639684416
5436000, 1.25927648, 0.503710592
5439600, 0.99644048, 0.398576192
5443200, 0.789265458, 0.3157061832
5446800, 0.678257658, 0.2713030632
5450400, 0.639404928, 0.2557619712
5454000, 0.61609329, 0.246437316
5457600, 0.63829485, 0.25531794
5461200, 0.686028204, 0.2744112816
5464800, 0.872521308, 0.3490085232
5468400, 1.166691978, 0.4666767912
5472000, 1.29879126, 0.519516504
5475600, 1.29879126, 0.519516504
5479200, 1.308781962, 0.5235127848
5482800, 1.307671884, 0.5230687536
5486400, 1.346524614, 0.5386098456
5490000, 1.180012914, 0.4720051656
5493600, 1.061234568, 0.4244938272
5497200, 0.950226768, 0.3800907072
5500800, 0.97131825, 0.3885273
5504400, 1.040143086, 0.4160572344
5508000, 1.372056408, 0.5488225632
5511600, 1.785005424, 0.7140021696
5515200, 1.821637998, 0.7286551992
5518800, 1.605172788, 0.6420691152
5522400, 1.249947828, 0.4999791312
5526000, 0.967988016, 0.3871952064
5529600, 0.772658208, 0.3090632832
5533200, 0.670851648, 0.2683406592
5536800, 0.638702208, 0.2554808832
5540400, 0.624770784, 0.2499083136
5544000, 0.644060448, 0.2576241792
5547600, 0.678353184, 0.2713412736
5551200, 0.865891584, 0.3463566336
5554800, 1.175597856, 0.4702391424
5558400, 1.245254976, 0.4981019904
5562000, 1.19488752, 0.477955008
5565600, 1.13058864, 0.452235456
5569200, 1.186314336, 0.4745257344
5572800, 1.26990288, 0.507961152
5576400, 1.108084032, 0.4432336128
5580000, 1.008420768, 0.4033683072
5583600, 0.895897728, 0.3583590912
5587200, 0.907685856, 0.3630743424
5590800, 1.010564064, 0.4042256256
5594400, 1.309553856, 0.5238215424
5598000, 1.728568224, 0.6914272896
5601600, 1.781078976, 0.7124315904
5605200, 1.593540576, 0.6374162304
5608800, 1.273117824, 0.5092471296
5612400, 0.98591616, 0.394366464
5616000, 0.775947816, 0.3103791264
5619600, 0.67732875, 0.2709315
5623200, 0.652403052, 0.2609612208
5626800, 0.626393628, 0.2505574512
5630400, 0.641565792, 0.2566263168
5634000, 0.679496202, 0.2717984808
5637600, 0.855059814, 0.3420239256
5641200, 1.153084464, 0.4612337856
5644800, 1.172591532, 0.4690366128
5648400, 1.210521942, 0.4842087768
5652000, 1.17042408, 0.468169632
5655600, 1.1920986, 0.47683944
5659200, 1.299387474, 0.5197549896
5662800, 1.149833286, 0.4599333144
5666400, 1.063135206, 0.4252540824
5670000, 0.95367888, 0.381471552
5673600, 0.925502004, 0.3702008016
5677200, 1.001362824, 0.4005451296
5680800, 1.292885118, 0.5171540472
5684400, 1.753468668, 0.7013874672
5688000, 1.795733982, 0.7182935928
5691600, 1.621254096, 0.6485016384
5695200, 1.297220022, 0.5188880088
5698800, 1.005697728, 0.4022790912
5702400, 0.799128792, 0.3196515168
5706000, 0.682678206, 0.2730712824
5709600, 0.649559232, 0.2598236928
5713200, 0.63032886, 0.252131544
5716800, 0.636738984, 0.2546955936
5720400, 0.677336436, 0.2709345744
5724000, 0.871776864, 0.3487107456
5727600, 1.209376728, 0.4837506912
5731200, 1.2286071, 0.49144284
5734800, 1.154890674, 0.4619562696
5738400, 1.126045116, 0.4504180464
5742000, 1.162369152, 0.4649476608
5745600, 1.238222286, 0.4952889144
5749200, 1.106814744, 0.4427258976
5752800, 0.99356922, 0.397427688
5756400, 0.891007236, 0.3564028944
5760000, 0.901690776, 0.3606763104
5763600, 1.00425276, 0.401701104
5767200, 1.320485544, 0.5281942176
5770800, 1.74141702, 0.696566808
5774400, 1.769194224, 0.7076776896
5778000, 1.598257584, 0.6393030336
5781600, 1.257452658, 0.5029810632
5785200, 0.96686037, 0.386744148
5788800, 0.780071904, 0.3120287616
5792400, 0.673109136, 0.2692436544
5796000, 0.647178768, 0.2588715072
5799600, 0.623409264, 0.2493637056
5803200, 0.647178768, 0.2588715072
5806800, 0.684993888, 0.2739975552
5810400, 0.856782576, 0.3427130304
5814000, 1.201440384, 0.4805761536
5817600, 1.257622848, 0.5030491392
5821200, 1.18307304, 0.473229216
5824800, 1.13985576, 0.455942304
5828400, 1.184153472, 0.4736613888
5832000, 1.239255504, 0.4957022016
5835600, 1.147418784, 0.4589675136
5839200, 1.086914592, 0.4347658368
5842800, 0.948619296, 0.3794477184
5846400, 0.955101888, 0.3820407552
5850000, 1.016686512, 0.4066746048
5853600, 1.283553216, 0.5134212864
5857200, 1.69087608, 0.676350432
5860800, 1.760023728, 0.7040094912
5864400, 1.608763248, 0.6435052992
5868000, 1.286794512, 0.5147178048
5871600, 1.018847376, 0.4075389504
5875200, 0.83364552, 0.333458208
5878800, 0.736762392, 0.2947049568
5882400, 0.67029606, 0.268118424
5886000, 0.6477651, 0.25910604
5889600, 0.6477651, 0.25910604
5893200, 0.677055348, 0.2708221392
5896800, 0.74915442, 0.299661768
5900400, 0.942920676, 0.3771682704
5904000, 1.24483554, 0.497934216
5907600, 1.336085928, 0.5344343712
5911200, 1.309048776, 0.5236195104
5914800, 1.366502724, 0.5466010896
5918400, 1.502815032, 0.6011260128
5922000, 1.338339024, 0.5353356096
5925600, 1.248215184, 0.4992860736
5929200, 1.083739176, 0.4334956704
5932800, 1.063461312, 0.4253845248
5936400, 1.100637396, 0.4402549584
5940000, 1.316934612, 0.5267738448
5943600, 1.683062712, 0.6732250848
5947200, 1.689822, 0.6759288
5950800, 1.50394158, 0.601576632
5954400, 1.26173376, 0.504693504
5958000, 1.03079142, 0.412316568
5961600, 0.849748788, 0.3398995152
5965200, 0.752405598, 0.3009622392
5968800, 0.656207622, 0.2624830488
5972400, 0.655062408, 0.2620249632
5976000, 0.639029412, 0.2556117648
5979600, 0.665369334, 0.2661477336
5983200, 0.706597038, 0.2826388152
5986800, 0.832570578, 0.3330282312
5990400, 1.073065518, 0.4292262072
5994000, 1.315850886, 0.5263403544
5997600, 1.479616488, 0.5918465952
6001200, 1.644527304, 0.6578109216
6004800, 1.647962946, 0.6591851784
6008400, 1.398306294, 0.5593225176
6012000, 1.2597354, 0.50389416
6015600, 1.129181004, 0.4516724016
6019200, 1.05932295, 0.42372918
6022800, 1.107421938, 0.4429687752
6026400, 1.321576956, 0.5286307824
6030000, 1.704078432, 0.6816313728
6033600, 1.759048704, 0.7036194816
6037200, 1.588411818, 0.6353647272
6040800, 1.25400933, 0.501603732
6044400, 0.982593612, 0.3930374448
6048000, 0.779922, 0.3119688
6051600, 0.6697512, 0.26790048
6055200, 0.6348456, 0.25393824
6058800, 0.6130296, 0.24521184
6062400, 0.632664, 0.2530656
6066000, 0.6795684, 0.27182736
6069600, 0.8595504, 0.34382016
6073200, 1.14534, 0.458136
6076800, 1.276236, 0.5104944
6080400, 1.287144, 0.5148576
6084000, 1.3013244, 0.52052976
6087600, 1.3024152, 0.52096608
6091200, 1.3285944, 0.53143776
6094800, 1.1747916, 0.46991664
6098400, 1.0438956, 0.41755824
6102000, 0.932634, 0.3730536
6105600, 0.943542, 0.3774168
6109200, 1.0057176, 0.40228704
6112800, 1.3013244, 0.52052976
6116400, 1.7201916, 0.68807664
6120000, 1.7747316, 0.70989264
6123600, 1.587114, 0.6348456
6127200, 1.238058, 0.4952232
6130800, 0.9620856, 0.38483424
6134400, 0.75792672, 0.303170688
6138000, 0.65924928, 0.263699712
6141600, 0.63090576, 0.252362304
6145200, 0.6193584, 0.24774336
6148800, 0.6351048, 0.25404192
6152400, 0.66449808, 0.265799232
6156000, 0.85870368, 0.343481472
6159600, 1.16208432, 0.464833728
6163200, 1.20512448, 0.482049792
6166800, 1.17363168, 0.469452672
6170400, 1.1127456, 0.44509824
6174000, 1.16943264, 0.467773056
6177600, 1.24711488, 0.498845952
6181200, 1.09384992, 0.437539968
6184800, 0.99097344, 0.396389376
6188400, 0.89019648, 0.356078592
6192000, 0.8870472, 0.35481888
6195600, 0.97837632, 0.391350528
6199200, 1.25341344, 0.501365376
6202800, 1.653372, 0.6613488
6206400, 1.732104, 0.6928416
6210000, 1.57149072, 0.628596288
6213600, 1.25551296, 0.502205184
6217200, 0.96787872, 0.387151488
6220800, 0.7687548, 0.30750192
6224400, 0.6693192, 0.26772768
6228000, 0.6490044, 0.25960176
6231600, 0.6244128, 0.24976512
6235200, 0.6372432, 0.25489728
6238800, 0.673596, 0.2694384
6242400, 0.8478756, 0.33915024
6246000, 1.1376288, 0.45505152
6249600, 1.165428, 0.4661712
6253200, 1.2092652, 0.48370608
6256800, 1.1643588, 0.46574352
6260400, 1.192158, 0.4768632
6264000, 1.28304, 0.513216
6267600, 1.14939, 0.459756
6271200, 1.0510236, 0.42040944
6274800, 0.9430344, 0.37721376
6278400, 0.9120276, 0.36481104
6282000, 0.972972, 0.3891888
6285600, 1.2381336, 0.49525344
6289200, 1.6882668, 0.67530672
6292800, 1.7513496, 0.70053984
6296400, 1.6070076, 0.64280304
6300000, 1.2841092, 0.51364368
6303600, 1.0007712, 0.40030848
6307200, 0.79933392, 0.319733568
6310800, 0.68091408, 0.272365632
6314400, 0.65236644, 0.260946576
6318000, 0.63227736, 0.252910944
6321600, 0.634392, 0.2537568
6325200, 0.67879944, 0.271519776
6328800, 0.87017436, 0.348069744
6332400, 1.19794356, 0.479177424
6336000, 1.20957408, 0.483829632
6339600, 1.15988004, 0.463952016
6343200, 1.14296292, 0.457185168
6346800, 1.15670808, 0.462683232
6350400, 1.24340832, 0.497363328
6354000, 1.10384208, 0.441536832
6357600, 0.98965152, 0.395860608
6361200, 0.88603416, 0.354413664
6364800, 0.89026344, 0.356105376
6368400, 0.97907832, 0.391631328
6372000, 1.26032544, 0.504130176
6375600, 1.66739364, 0.666957456
6379200, 1.72554624, 0.690218496
6382800, 1.58492268, 0.633969072
6386400, 1.24869492, 0.499477968
6390000, 0.96110388, 0.384441552
6393600, 0.76918248, 0.307672992
6397200, 0.66323448, 0.265293792
6400800, 0.63674748, 0.254698992
6404400, 0.61343892, 0.245375568
6408000, 0.635688, 0.2542752
6411600, 0.67065084, 0.268260336
6415200, 0.84652452, 0.338609808
6418800, 1.1760228, 0.47040912
6422400, 1.2342942, 0.49371768
6426000, 1.1601306, 0.46405224
6429600, 1.12516776, 0.450067104
6433200, 1.17814176, 0.471256704
6436800, 1.22581836, 0.490327344
6440400, 1.14000048, 0.456000192
6444000, 1.07643168, 0.430572672
6447600, 0.9482346, 0.37929384
6451200, 0.94399668, 0.377598672
6454800, 0.98955432, 0.395821728
6458400, 1.22475888, 0.489903552
6462000, 1.60723116, 0.642892464
6465600, 1.69834644, 0.679338576
6469200, 1.58180364, 0.632721456
6472800, 1.271376, 0.5085504
6476400, 0.99803016, 0.399212064
6480000, 0.825822, 0.3303288
6483600, 0.721764, 0.2887056
6487200, 0.663093, 0.2652372
6490800, 0.639846, 0.2559384
6494400, 0.637632, 0.2550528
6498000, 0.665307, 0.2661228
6501600, 0.738369, 0.2953476
6505200, 0.932094, 0.3728376
6508800, 1.216593, 0.4866372
6512400, 1.316223, 0.5264892
6516000, 1.300725, 0.52029
6519600, 1.343898, 0.5375592
6523200, 1.495557, 0.5982228
6526800, 1.31733, 0.526932
6530400, 1.243161, 0.4972644
6534000, 1.072683, 0.4290732
6537600, 1.053864, 0.4215456
6541200, 1.077111, 0.4308444
6544800, 1.264194, 0.5056776
6548400, 1.607364, 0.6429456
6552000, 1.641681, 0.6566724
6555600, 1.485594, 0.5942376
6559200, 1.247589, 0.4990356
6562800, 1.025082, 0.4100328
6566400, 0.84370356, 0.337481424
6570000, 0.74457684, 0.297830736
6573600, 0.64545012, 0.258180048
6577200, 0.64545012, 0.258180048
6580800, 0.62404776, 0.249619104
6584400, 0.64882944, 0.259531776
6588000, 0.69501348, 0.278005392
6591600, 0.8223012, 0.32892048
6595200, 1.06335936, 0.425343744
6598800, 1.30892328, 0.523569312
6602400, 1.47676284, 0.590705136
6606000, 1.61982072, 0.647928288
6609600, 1.61869428, 0.647477712
6613200, 1.3742568, 0.54970272
6616800, 1.239084, 0.4956336
6620400, 1.11742848, 0.446971392
6624000, 1.0475892, 0.41903568
6627600, 1.0813824, 0.43255296
6631200, 1.25147484, 0.500589936
6634800, 1.63446444, 0.653785776
6638400, 1.72120032, 0.688480128
6642000, 1.56800448, 0.627201792
6645600, 1.24584264, 0.498337056
6649200, 0.97887636, 0.391550544
6652800, 0.76882648, 0.307530592
6656400, 0.66252226, 0.265008904
6660000, 0.63030886, 0.252123544
6663600, 0.60883326, 0.243533304
6667200, 0.6227924, 0.24911696
6670800, 0.67218628, 0.268874512
6674400, 0.84935998, 0.339743992
6678000, 1.12961656, 0.451846624
6681600, 1.25954394, 0.503817576
6685200, 1.28424088, 0.513696352
6688800, 1.28960978, 0.515843912
6692400, 1.3046427, 0.52185708
6696000, 1.32182318, 0.528729272
6699600, 1.16182996, 0.464731984
6703200, 1.02760746, 0.411042984
6706800, 0.92559836, 0.370239344
6710400, 0.93526238, 0.374104952
6714000, 0.97606602, 0.390426408
6717600, 1.22625676, 0.490502704
6721200, 1.66113766, 0.664455064
6724800, 1.71160532, 0.684642128
6728400, 1.57523526, 0.630094104
6732000, 1.22518298, 0.490073192
6735600, 0.94814774, 0.379259096
6739200, 0.74570364, 0.298281456
6742800, 0.6470982, 0.25883928
6746400, 0.62347398, 0.249389592
6750000, 0.61320258, 0.245281032
6753600, 0.62347398, 0.249389592
6757200, 0.65326104, 0.261304416
6760800, 0.8422548, 0.33690192
6764400, 1.1401254, 0.45605016
6768000, 1.17915672, 0.471662688
6771600, 1.14936966, 0.459747864
6775200, 1.0990398, 0.43961592
6778800, 1.14731538, 0.458926152
6782400, 1.2222966, 0.48891864
6786000, 1.08568698, 0.434274792
6789600, 0.98400012, 0.393600048
6793200, 0.87512328, 0.350049312
6796800, 0.86690616, 0.346762464
6800400, 0.9449688, 0.37798752
6804000, 1.18942812, 0.475771248
6807600, 1.5715242, 0.62860968
6811200, 1.67012964, 0.668051856
6814800, 1.54789998, 0.619159992
6818400, 1.2377037, 0.49508148
6822000, 0.95421306, 0.381685224
6825600, 0.75891018, 0.303564072
6829200, 0.66733572, 0.266934288
6832800, 0.64312638, 0.257250552
6836400, 0.62312736, 0.249250944
6840000, 0.63260058, 0.253040232
6843600, 0.66628314, 0.266513256
6847200, 0.842064, 0.3368256
6850800, 1.1157348, 0.44629392
6854400, 1.15152252, 0.460609008
6858000, 1.18625766, 0.474503064
6861600, 1.14836478, 0.459345912
6865200, 1.18625766, 0.474503064
6868800, 1.27467438, 0.509869752
6872400, 1.1420493, 0.45681972
6876000, 1.03994904, 0.415979616
6879600, 0.93258588, 0.373034352
6883200, 0.90627138, 0.362508552
6886800, 0.95574264, 0.382297056
6890400, 1.19046798, 0.476187192
6894000, 1.61886804, 0.647547216
6897600, 1.69781154, 0.679124616
6901200, 1.58202774, 0.632811096
6904800, 1.2683589, 0.50734356
6908400, 0.98521488, 0.394085952
6912000, 0.78546, 0.314184
6915600, 0.667641, 0.2670564
6919200, 0.64077, 0.256308
6922800, 0.6201, 0.24804
6926400, 0.6232005, 0.2492802
6930000, 0.663507, 0.2654028
6933600, 0.8526375, 0.341055
6937200, 1.169922, 0.4679688
6940800, 1.180257, 0.4721028
6944400, 1.140984, 0.4563936
6948000, 1.1296155, 0.4518462
6951600, 1.1378835, 0.4551534
6955200, 1.221597, 0.4886388
6958800, 1.0924095, 0.4369638
6962400, 0.973557, 0.3894228
6966000, 0.8712405, 0.3484962
6969600, 0.8733075, 0.349323
6973200, 0.9518535, 0.3807414
6976800, 1.196793, 0.4787172
6980400, 1.59159, 0.636636
6984000, 1.670136, 0.6680544
6987600, 1.552317, 0.6209268
6991200, 1.227798, 0.4911192
6994800, 0.946686, 0.3786744
6998400, 0.7590978, 0.30363912
7002000, 0.65407194, 0.261628776
7005600, 0.62599572, 0.250398288
7009200, 0.6031188, 0.24124752
7012800, 0.62495586, 0.249982344
7016400, 0.65615166, 0.262460664
7020000, 0.8266887, 0.33067548
7023600, 1.15736418, 0.462945672
7027200, 1.21559634, 0.486238536
7030800, 1.143846, 0.4575384
7034400, 1.10849076, 0.443396304
7038000, 1.16256348, 0.465025392
7041600, 1.20935718, 0.483742872
7045200, 1.12928796, 0.451715184
7048800, 1.06689636, 0.426758544
7052400, 0.93795372, 0.375181488
7056000, 0.93483414, 0.373933656
7059600, 0.97018938, 0.388075752
7063200, 1.17816138, 0.471264552
7066800, 1.54211238, 0.616844952
7070400, 1.65441726, 0.661766904
7074000, 1.55043126, 0.620172504
7077600, 1.24887186, 0.499548744
7081200, 0.98578728, 0.394314912
7084800, 0.81537638, 0.326150552
7088400, 0.70869162, 0.283476648
7092000, 0.65426062, 0.261704248
7095600, 0.6313996, 0.25255984
7099200, 0.6259565, 0.2503826
7102800, 0.65643786, 0.262575144
7106400, 0.73046402, 0.292185608
7110000, 0.92641562, 0.370566248
7113600, 1.20401372, 0.481605488
7117200, 1.3009009, 0.52036036
7120800, 1.29328056, 0.517312224
7124400, 1.34117984, 0.536471936
7128000, 1.47943458, 0.591773832
7131600, 1.29763504, 0.519054016
7135200, 1.22905198, 0.491620792
7138800, 1.05922726, 0.423690904
7142400, 1.03636624, 0.414546496
7146000, 1.04942968, 0.419771872
7149600, 1.20727958, 0.482911832
7153200, 1.53386558, 0.613546232
7156800, 1.59156244, 0.636624976
7160400, 1.47072562, 0.588290248
7164000, 1.24429266, 0.497717064
7167600, 1.01568246, 0.406272984
7171200, 0.83170356, 0.332681424
7174800, 0.73340128, 0.293360512
7178400, 0.635099, 0.2540396
7182000, 0.63399448, 0.253597792
7185600, 0.61079956, 0.244319824
7189200, 0.63288996, 0.253155984
7192800, 0.68259336, 0.273037344
7196400, 0.80740412, 0.322961648
7200000, 1.04156236, 0.416624944
7203600, 1.2812432, 0.51249728
7207200, 1.4524438, 0.58097752
7210800, 1.58388168, 0.633552672
7214400, 1.58277716, 0.633110864
7218000, 1.34420084, 0.537680336
7221600, 1.23485336, 0.493941344
7225200, 1.09678836, 0.438715344
7228800, 1.02830812, 0.411323248
7232400, 1.05371208, 0.421484832
7236000, 1.20171776, 0.480687104
7239600, 1.56620936, 0.626483744
7243200, 1.67666136, 0.670664544
7246800, 1.55516416, 0.622065664
7250400, 1.23264432, 0.493057728
7254000, 0.95761884, 0.383047536
7257600, 0.761234779, 0.3044939116
7261200, 0.658536902, 0.2634147608
7264800, 0.625715931, 0.2502863724
7268400, 0.60348237, 0.241392948
7272000, 0.618304744, 0.2473218976
7275600, 0.669124312, 0.2676497248
7279200, 0.839581613, 0.3358326452
7282800, 1.12226546, 0.448906184
7286400, 1.250373121, 0.5001492484
7290000, 1.264136754, 0.5056547016
7293600, 1.2704892, 0.50819568
7297200, 1.283194092, 0.5132776368
7300800, 1.309662617, 0.5238650468
7304400, 1.150851467, 0.4603405868
7308000, 1.017450101, 0.4069800404
7311600, 0.918987188, 0.3675948752
7315200, 0.932750821, 0.3731003284
7318800, 0.969806756, 0.3879227024
7322400, 1.183672438, 0.4734689752
7326000, 1.600816392, 0.6403265568
7329600, 1.663282111, 0.6653128444
7333200, 1.547879342, 0.6191517368
7336800, 1.209082222, 0.4836328888
7340400, 0.934868303, 0.3739473212
7344000, 0.741785738, 0.2967142952
7347600, 0.641599124, 0.2566396496
7351200, 0.618323446, 0.2473293784
7354800, 0.610227558, 0.2440910232
7358400, 0.615287488, 0.2461149952
7362000, 0.643623096, 0.2574492384
7365600, 0.832864478, 0.3331457912
7369200, 1.126340418, 0.4505361672
7372800, 1.155688012, 0.4622752048
7376400, 1.131400348, 0.4525601392
7380000, 1.081813034, 0.4327252136
7383600, 1.125328432, 0.4501313728
7387200, 1.205275326, 0.4821101304
7390800, 1.07270516, 0.429082064
7394400, 0.974542518, 0.3898170072
7398000, 0.868283988, 0.3473135952
7401600, 0.858164128, 0.3432656512
7405200, 0.930015134, 0.3720060536
7408800, 1.151640068, 0.4606560272
7412400, 1.515955028, 0.6063820112
7416000, 1.641441292, 0.6565765168
7419600, 1.540242692, 0.6160970768
7423200, 1.230574976, 0.4922299904
7426800, 0.94114698, 0.376458792
7430400, 0.747157368, 0.2988629472
7434000, 0.655056252, 0.2620225008
7437600, 0.633324528, 0.2533298112
7441200, 0.609523116, 0.2438092464
7444800, 0.624010932, 0.2496043728
7448400, 0.65195172, 0.260780688
7452000, 0.829944888, 0.3319779552
7455600, 1.101074016, 0.4404296064
7459200, 1.137293556, 0.4549174224
7462800, 1.17454794, 0.469819176
7466400, 1.13315418, 0.453261672
7470000, 1.182826692, 0.4731306768
7473600, 1.253196084, 0.5012784336
7477200, 1.13315418, 0.453261672
7480800, 1.022425872, 0.4089703488
7484400, 0.929289912, 0.3717159648
7488000, 0.894105216, 0.3576420864
7491600, 0.943777728, 0.3775110912
7495200, 1.150746528, 0.4602986112
7498800, 1.554335688, 0.6217342752
7502400, 1.642297428, 0.6569189712
7506000, 1.564684128, 0.6258736512
7509600, 1.256300616, 0.5025202464
7513200, 0.974823048, 0.3899292192
7516800, 0.776990175, 0.31079607
7520400, 0.655427175, 0.26217087
7524000, 0.6240234, 0.24960936
7527600, 0.606801975, 0.24272079
7531200, 0.6118671, 0.24474684
7534800, 0.649349025, 0.25973961
7538400, 0.837771675, 0.33510867
7542000, 1.153835475, 0.46153419
7545600, 1.1629527, 0.46518108
7549200, 1.129522875, 0.45180915
7552800, 1.10824935, 0.44329974
7556400, 1.12445775, 0.4497831
7560000, 1.2034737, 0.48138948
7563600, 1.074819525, 0.42992781
7567200, 0.972504, 0.3890016
7570800, 0.8630973, 0.34523892
7574400, 0.856006125, 0.34240245
7578000, 0.926917875, 0.37076715
7581600, 1.141679175, 0.45667167
7585200, 1.50940725, 0.6037629
7588800, 1.6086837, 0.64347348
7592400, 1.5235896, 0.60943584
7596000, 1.22576025, 0.4903041
7599600, 0.9360351, 0.37441404
7603200, 0.752191323, 0.3008765292
7606800, 0.63951489, 0.255805956
7610400, 0.611092006, 0.2444368024
7614000, 0.591805049, 0.2367220196
7617600, 0.6090618, 0.24362472
7621200, 0.640529993, 0.2562119972
7624800, 0.811067297, 0.3244269188
7628400, 1.130824742, 0.4523298968
7632000, 1.186655407, 0.4746621628
7635600, 1.1166133, 0.44664532
7639200, 1.090220622, 0.4360882488
7642800, 1.131839845, 0.452735938
7646400, 1.185640304, 0.4742561216
7650000, 1.120673712, 0.4482694848
7653600, 1.039465472, 0.4157861888
7657200, 0.924758833, 0.3699035332
7660800, 0.920698421, 0.3682793684
7664400, 0.939985378, 0.3759941512
7668000, 1.125749227, 0.4502996908
7671600, 1.457687908, 0.5830751632
7675200, 1.59371171, 0.637484684
7678800, 1.523669603, 0.6094678412
7682400, 1.229289733, 0.4917158932
7686000, 0.973483777, 0.3893935108
7689600, 0.801738116, 0.3206952464
7693200, 0.689621704, 0.2758486816
7696800, 0.6346212, 0.25384848
7700400, 0.61346716, 0.245386864
7704000, 0.609236352, 0.2436945408
7707600, 0.635678902, 0.2542715608
7711200, 0.71394885, 0.28557954
7714800, 0.907508316, 0.3630033264
7718400, 1.181453134, 0.4725812536
7722000, 1.267126996, 0.5068507984
7725600, 1.251261466, 0.5005045864
7729200, 1.30626197, 0.522504788
7732800, 1.439532422, 0.5758129688
7736400, 1.2692424, 0.50769696
7740000, 1.208953386, 0.4835813544
7743600, 1.039721066, 0.4158884264
7747200, 1.001643794, 0.4006575176
7750800, 1.009047708, 0.4036190832
7754400, 1.15289518, 0.461158072
7758000, 1.457513356, 0.5830053424
7761600, 1.526263986, 0.6105055944
7765200, 1.428955402, 0.5715821608
7768800, 1.215299598, 0.4861198392
7772400, 0.995297582, 0.3981190328
7776000, 0.82201524, 0.328806096
7779600, 0.720344934, 0.2881379736
7783200, 0.619756227, 0.2479024908
7786800, 0.620837826, 0.2483351304
7790400, 0.599205846, 0.2396823384
7794000, 0.617593029, 0.2470372116
7797600, 0.671672979, 0.2686691916
7801200, 0.792812067, 0.3171248268
7804800, 1.017784659, 0.4071138636
7808400, 1.27628682, 0.510514728
7812000, 1.442853066, 0.5771412264
7815600, 1.543441773, 0.6173767092
7819200, 1.55750256, 0.623001024
7822800, 1.33036677, 0.532146708
7826400, 1.221125271, 0.4884501084
7830000, 1.075109406, 0.4300437624
7833600, 1.015621461, 0.4062485844
7837200, 1.03833504, 0.415334016
7840800, 1.154066133, 0.4616264532
7844400, 1.486117026, 0.5944468104
7848000, 1.616990505, 0.646796202
7851600, 1.52505459, 0.610021836
7855200, 1.21139088, 0.484556352
7858800, 0.947480724, 0.3789922896
7862400, 0.752321682, 0.3009286728
7866000, 0.649020924, 0.2596083696
7869600, 0.612500454, 0.2450001816
7873200, 0.592675056, 0.2370700224
7876800, 0.59997915, 0.23999166
7880400, 0.653194692, 0.2612778768
7884000, 0.817015086, 0.3268060344
7887600, 1.092483774, 0.4369935096
7891200, 1.230218118, 0.4920872472
7894800, 1.25734761, 0.502939044
7898400, 1.260477936, 0.5041911744
7902000, 1.282390218, 0.5129560872
7905600, 1.302215616, 0.5208862464
7909200, 1.157177178, 0.4628708712
7912800, 1.024660044, 0.4098640176
7916400, 0.92344617, 0.369378468
7920000, 0.92866338, 0.371465352
7923600, 0.961010082, 0.3844040328
7927200, 1.141525548, 0.4566102192
7930800, 1.553685138, 0.6214740552
7934400, 1.60690068, 0.642760272
7938000, 1.511947458, 0.6047789832
7941600, 1.201001742, 0.4804006968
7945200, 0.92866338, 0.371465352
7948800, 0.7337655, 0.2935062
7952400, 0.62865855, 0.25146342
7956000, 0.607835475, 0.24313419
7959600, 0.595936575, 0.23837463
7963200, 0.601886025, 0.24075441
7966800, 0.634608, 0.2538432
7970400, 0.822015675, 0.32880627
7974000, 1.115521875, 0.44620875
7977600, 1.141302825, 0.45652113
7981200, 1.1145303, 0.44581212
7984800, 1.0669347, 0.42677388
7988400, 1.117505025, 0.44700201
7992000, 1.188898425, 0.47555937
7995600, 1.04908635, 0.41963454
7999200, 0.94199625, 0.3767985
8002800, 0.8487882, 0.33951528
8006400, 0.84680505, 0.33872202
8010000, 0.909274275, 0.36370971
8013600, 1.113538725, 0.44541549
8017200, 1.46554785, 0.58621914
8020800, 1.589494725, 0.63579789
8024400, 1.518101325, 0.60724053
8028000, 1.2216204, 0.48864816
8031600, 0.929105775, 0.37164231
8035200, 0.735933744, 0.2943734976
8038800, 0.63686574, 0.254746296
8042400, 0.61664778, 0.246659112
8046000, 0.593397126, 0.2373588504
8049600, 0.607549698, 0.2430198792
8053200, 0.634843944, 0.2539375776
8056800, 0.81377289, 0.325509156
8060400, 1.077617268, 0.4310469072
8064000, 1.120074984, 0.4480299936
8067600, 1.150401924, 0.4601607696
8071200, 1.103900616, 0.4415602464
8074800, 1.15242372, 0.460969488
8078400, 1.244415438, 0.4977661752
8082000, 1.112998698, 0.4451994792
8085600, 1.00078902, 0.400315608
8089200, 0.917895384, 0.3671581536
8092800, 0.881503056, 0.3526012224
8096400, 0.92497167, 0.369988668
8100000, 1.105922412, 0.4423689648
8103600, 1.487030958, 0.5948123832
8107200, 1.584077166, 0.6336308664
8110800, 1.534543164, 0.6138172656
8114400, 1.241382744, 0.4965530976
8118000, 0.95529861, 0.382119444
8121600, 0.760957029, 0.3043828116
8125200, 0.632316699, 0.2529266796
8128800, 0.60362001, 0.241448004
8132400, 0.588776895, 0.235510758
8136000, 0.595703682, 0.2382814728
8139600, 0.630337617, 0.2521350468
8143200, 0.815381784, 0.3261527136
8146800, 1.127087199, 0.4508348796
8150400, 1.136982609, 0.4547930436
8154000, 1.103338215, 0.441335286
8157600, 1.074641526, 0.4298566104
8161200, 1.103338215, 0.441335286
8164800, 1.180522413, 0.4722089652
8168400, 1.052871624, 0.4211486496
8172000, 0.951938442, 0.3807753768
8175600, 0.851994801, 0.3407979204
8179200, 0.851994801, 0.3407979204
8182800, 0.922252212, 0.3689008848
8186400, 1.107296379, 0.4429185516
8190000, 1.460562516, 0.5842250064
8193600, 1.555558452, 0.6222233808
8197200, 1.499154615, 0.599661846
8200800, 1.20724002, 0.482896008
8204400, 0.923241753, 0.3692967012
8208000, 0.741274011, 0.2965096044
8211600, 0.626541156, 0.2506164624
8215200, 0.597608523, 0.2390434092
8218800, 0.580648014, 0.2322592056
8222400, 0.596610846, 0.2386443384
8226000, 0.624545802, 0.2498183208
8229600, 0.7981416, 0.31925664
8233200, 1.115402886, 0.4461611544
8236800, 1.170275121, 0.4681100484
8240400, 1.099440054, 0.4397760216
8244000, 1.076493483, 0.4305973932
8247600, 1.124381979, 0.4497527916
8251200, 1.174265829, 0.4697063316
8254800, 1.103430762, 0.4413723048
8258400, 1.021621248, 0.4086484992
8262000, 0.919858194, 0.3679432776
8265600, 0.910879101, 0.3643516404
8269200, 0.931830318, 0.3727321272
8272800, 1.094451669, 0.4377806676
8276400, 1.401736185, 0.560694474
8280000, 1.552385412, 0.6209541648
8283600, 1.501503885, 0.600601554
8287200, 1.223152002, 0.4892608008
8290800, 0.955774566, 0.3823098264
8294400, 0.785282652, 0.3141130608
8298000, 0.673099416, 0.2692397664
8301600, 0.616493196, 0.2465972784
8305200, 0.593850708, 0.2375402832
8308800, 0.5917923, 0.23671692
8312400, 0.619580808, 0.2478323232
8316000, 0.696771108, 0.2787084432
8319600, 0.893349072, 0.3573396288
8323200, 1.158883704, 0.4635534816
8326800, 1.242249228, 0.4968996912
8330400, 1.228869576, 0.4915478304
8334000, 1.280329776, 0.5121319104
8337600, 1.40486346, 0.561945384
8341200, 1.242249228, 0.4968996912
8344800, 1.165058928, 0.4660235712
8348400, 1.01376594, 0.405506376
8352000, 0.980831412, 0.3923325648
8355600, 0.980831412, 0.3923325648
8359200, 1.1063943, 0.44255772
8362800, 1.382220972, 0.5528883888
8366400, 1.4666157, 0.58664628
8370000, 1.393542216, 0.5574168864
8373600, 1.197993456, 0.4791973824
8377200, 0.973626984, 0.3894507936
8380800, 0.804120543, 0.3216482172
8384400, 0.701624232, 0.2806496928
8388000, 0.605467899, 0.2421871596
8391600, 0.608637888, 0.2434551552
8395200, 0.588561291, 0.2354245164
8398800, 0.60229791, 0.240919164
8402400, 0.656187723, 0.2624750892
8406000, 0.776647305, 0.310658922
8409600, 0.999603198, 0.3998412792
8413200, 1.252145655, 0.500858262
8416800, 1.419098409, 0.5676393636
8420400, 1.517368068, 0.6069472272
8424000, 1.539557991, 0.6158231964
8427600, 1.313432109, 0.5253728436
8431200, 1.206709146, 0.4826836584
8434800, 1.064059641, 0.4256238564
8438400, 0.999603198, 0.3998412792
8442000, 1.013339817, 0.4053359268
8445600, 1.108439487, 0.4433757948
8449200, 1.404305127, 0.5617220508
8452800, 1.552237947, 0.6208951788
8456400, 1.490951493, 0.5963805972
8460000, 1.181349234, 0.4725396936
8463600, 0.931976766, 0.3727907064
8467200, 0.74320062, 0.297280248
8470800, 0.64143456, 0.256573824
8474400, 0.59928902, 0.239715608
8478000, 0.58798168, 0.235192672
8481600, 0.59517726, 0.238070904
8485200, 0.64040662, 0.256162648
8488800, 0.80076526, 0.320306104
8492400, 1.0639179, 0.42556716
8496000, 1.21708096, 0.486832384
8499600, 1.24689122, 0.498756488
8503200, 1.24483534, 0.497934136
8506800, 1.27670148, 0.510680592
8510400, 1.28903676, 0.515614704
8514000, 1.15437662, 0.461750648
8517600, 1.02485618, 0.409942472
8521200, 0.92925776, 0.371703104
8524800, 0.91897836, 0.367591344
8528400, 0.93953716, 0.375814864
8532000, 1.10195168, 0.440780672
8535600, 1.48845712, 0.595382848
8539200, 1.54910558, 0.619642232
8542800, 1.49668064, 0.598672256
8546400, 1.18829864, 0.475319456
8550000, 0.92206218, 0.368824872
8553600, 0.724965164, 0.2899860656
8557200, 0.621398712, 0.2485594848
8560800, 0.60088083, 0.240352332
8564400, 0.590133368, 0.2360533472
8568000, 0.596972662, 0.2387890648
8571600, 0.626283922, 0.2505135688
8575200, 0.814853028, 0.3259412112
8578800, 1.092332956, 0.4369331824
8582400, 1.141185056, 0.4564740224
8586000, 1.106988586, 0.4427954344
8589600, 1.057159444, 0.4228637776
8593200, 1.102103376, 0.4408413504
8596800, 1.16756519, 0.467026076
8600400, 1.039572688, 0.4158290752
8604000, 0.950661866, 0.3802647464
8607600, 0.851003582, 0.3404014328
8611200, 0.84025612, 0.336102448
8614800, 0.885200052, 0.3540800208
8618400, 1.07963141, 0.431852564
8622000, 1.403032312, 0.5612129248
8625600, 1.52907073, 0.611628292
8629200, 1.501713554, 0.6006854216
8632800, 1.21641729, 0.486566916
8636400, 0.91841948, 0.367367792
8640000, 0.72688332, 0.290753328
8643600, 0.62758232, 0.251032928
8647200, 0.6057361, 0.24229444
8650800, 0.58686891, 0.234747564
8654400, 0.59779202, 0.239116808
8658000, 0.62261727, 0.249046908
8661600, 0.79838004, 0.319352016
8665200, 1.05457662, 0.421830648
8668800, 1.10522013, 0.442088052
8672400, 1.13798946, 0.455195784
8676000, 1.08635294, 0.434541176
8679600, 1.14494053, 0.457976212
8683200, 1.22835337, 0.491341348
8686800, 1.09727605, 0.43891042
8690400, 0.99003097, 0.396012388
8694000, 0.90463211, 0.361852844
8697600, 0.87086977, 0.348347908
8701200, 0.90562512, 0.362250048
8704800, 1.06649274, 0.426597096
8708400, 1.42298333, 0.569193332
8712000, 1.52625637, 0.610502548
8715600, 1.51533326, 0.606133304
8719200, 1.2313324, 0.49253296
8722800, 0.93839445, 0.37535778
8726400, 0.749653688, 0.2998614752
8730000, 0.618561398, 0.2474245592
8733600, 0.590400832, 0.2361603328
8737200, 0.574863968, 0.2299455872
8740800, 0.585545562, 0.2342182248
8744400, 0.619532452, 0.2478129808
8748000, 0.799177442, 0.3196709768
8751600, 1.10214629, 0.440858516
8755200, 1.114769992, 0.4459079968
8758800, 1.076898886, 0.4307595544
8762400, 1.060390968, 0.4241563872
8766000, 1.094377858, 0.4377511432
8769600, 1.15555426, 0.462221704
8773200, 1.04873832, 0.419495328
8776800, 0.945806596, 0.3783226384
8780400, 0.84481698, 0.337926792
8784000, 0.841903818, 0.3367615272
8787600, 0.902109166, 0.3608436664
8791200, 1.074956778, 0.4299827112
8794800, 1.401230922, 0.5604923688
8798400, 1.50027843, 0.600111372
8802000, 1.478915242, 0.5915660968
8805600, 1.200222744, 0.4800890976
8809200, 0.91764603, 0.367058412
8812800, 0.736236576, 0.2944946304
8816400, 0.614835864, 0.2459343456
8820000, 0.588401838, 0.2353607352
8823600, 0.573716268, 0.2294865072
8827200, 0.588401838, 0.2353607352
8830800, 0.617772978, 0.2471091912
8834400, 0.785188476, 0.3140753904
8838000, 1.093585446, 0.4374341784
8841600, 1.151348688, 0.4605394752
8845200, 1.088690256, 0.4354761024
8848800, 1.063235268, 0.4252941072
8852400, 1.105333902, 0.4421335608
8856000, 1.167013296, 0.4668053184
8859600, 1.08183699, 0.432734796
8863200, 1.005472026, 0.4021888104
8866800, 0.906589188, 0.3626356752
8870400, 0.896798808, 0.3587195232
8874000, 0.91540053, 0.366160212
8877600, 1.059319116, 0.4237276464
8881200, 1.339323984, 0.5357295936
8884800, 1.491074874, 0.5964299496
8888400, 1.462682772, 0.5850731088
8892000, 1.212049044, 0.4848196176
8895600, 0.947708784, 0.3790835136
8899200, 0.773601696, 0.3094406784
8902800, 0.661937472, 0.2647749888
8906400, 0.606608352, 0.2426433408
8910000, 0.581458752, 0.2325835008
8913600, 0.581458752, 0.2325835008
8917200, 0.605602368, 0.2422409472
8920800, 0.680045184, 0.2720180736
8924400, 0.87520608, 0.350082432
8928000, 1.128714048, 0.4514856192
8931600, 1.228306464, 0.4913225856
8935200, 1.205168832, 0.4820675328
8938800, 1.255468032, 0.5021872128
8942400, 1.377192096, 0.5508768384
8946000, 1.224282528, 0.4897130112
8949600, 1.143803808, 0.4575215232
8953200, 1.003972032, 0.4015888128
8956800, 0.9556848, 0.38227392
8960400, 0.95065488, 0.380261952
8964000, 1.069360992, 0.4277443968
8967600, 1.319851008, 0.5279404032
8971200, 1.402341696, 0.5609366784
8974800, 1.370150208, 0.5480600832
8978400, 1.183037184, 0.4732148736
8982000, 0.959708736, 0.3838834944
8985600, 0.792523776, 0.3170095104
8989200, 0.685202848, 0.2740811392
8992800, 0.592328968, 0.2369315872
8996400, 0.596456696, 0.2385826784
9000000, 0.57788192, 0.231152768
9003600, 0.587169308, 0.2348677232
9007200, 0.640829772, 0.2563319088
9010800, 0.75847002, 0.303388008
9014400, 0.974143808, 0.3896575232
9018000, 1.225935216, 0.4903740864
9021600, 1.386916608, 0.5547666432
9025200, 1.481854352, 0.5927417408
9028800, 1.509716516, 0.6038866064
9032400, 1.27959568, 0.511838272
9036000, 1.184657936, 0.4738631744
9039600, 1.051538708, 0.4206154832
9043200, 0.9803354, 0.39213416
9046800, 0.986526992, 0.3946107968
9050400, 1.084560532, 0.4338242128
9054000, 1.33119228, 0.532476912
9057600, 1.488045944, 0.5952183776
9061200, 1.459151848, 0.5836607392
9064800, 1.169178956, 0.4676715824
9068400, 0.922547208, 0.3690188832
9072000, 0.732198972, 0.2928795888
9075600, 0.62875812, 0.251503248
9079200, 0.590221332, 0.2360885328
9082800, 0.582108324, 0.2328433296
9086400, 0.584136576, 0.2336546304
9090000, 0.62875812, 0.251503248
9093600, 0.779862894, 0.3119451576
9097200, 1.043535654, 0.4174142616
9100800, 1.188555672, 0.4754222688
9104400, 1.245346728, 0.4981386912
9108000, 1.213908822, 0.4855635288
9111600, 1.254473862, 0.5017895448
9115200, 1.278812886, 0.5115251544
9118800, 1.158131892, 0.4632527568
9122400, 1.030352016, 0.4121408064
9126000, 0.926911164, 0.3707644656
9129600, 0.910685148, 0.3642740592
9133200, 0.93806655, 0.37522662
9136800, 1.079030064, 0.4316120256
9140400, 1.438030668, 0.5752122672
9144000, 1.497864102, 0.5991456408
9147600, 1.483666338, 0.5934665352
9151200, 1.18652742, 0.474610968
9154800, 0.9127134, 0.36508536
9158400, 0.709442688, 0.2837770752
9162000, 0.60550552, 0.242202208
9165600, 0.582620272, 0.2330481088
9169200, 0.578806064, 0.2315224256
9172800, 0.58166672, 0.232666688
9176400, 0.611226832, 0.2444907328
9180000, 0.797169472, 0.3188677888
9183600, 1.065117584, 0.4260470336
9187200, 1.114702288, 0.4458809152
9190800, 1.074653104, 0.4298612416
9194400, 1.045092992, 0.4180371968
9198000, 1.08228152, 0.432912608
9201600, 1.145215952, 0.4580863808
9205200, 1.028882608, 0.4115530432
9208800, 0.93448096, 0.373792384
9212400, 0.83912576, 0.335650304
9216000, 0.828636688, 0.3314546752
9219600, 0.871546528, 0.3486186112
9223200, 1.036511024, 0.4146044096
9226800, 1.337833456, 0.5351333824
9230400, 1.461795216, 0.5847180864
9234000, 1.459888112, 0.5839552448
9237600, 1.195754208, 0.4783016832
9241200, 0.894431776, 0.3577727104
9244800, 0.71091405, 0.28436562
9248400, 0.60742044, 0.242968176
9252000, 0.58710861, 0.234843444
9255600, 0.5706657, 0.22826628
9259200, 0.58323969, 0.233295876
9262800, 0.60064983, 0.240259932
9266400, 0.77668569, 0.310674276
9270000, 1.01655873, 0.406623492
9273600, 1.0832976, 0.43331904
9277200, 1.11715065, 0.44686026
9280800, 1.04944455, 0.41977782
9284400, 1.1219868, 0.44879472
9288000, 1.2090375, 0.483615
9291600, 1.07459253, 0.429837012
9295200, 0.97496784, 0.389987136
9298800, 0.88791714, 0.355166856
9302400, 0.86276916, 0.345107664
9306000, 0.89372052, 0.357488208
9309600, 1.02913272, 0.411653088
9313200, 1.34831862, 0.539327448
9316800, 1.45858284, 0.583433136
9320400, 1.47309129, 0.589236516
9324000, 1.22161149, 0.488644596
9327600, 0.92273742, 0.369094968
9331200, 0.73445975, 0.2937839
9334800, 0.6065216, 0.24260864
9338400, 0.57524783, 0.230099132
9342000, 0.56008479, 0.224033916
9345600, 0.57335245, 0.22934098
9349200, 0.60273084, 0.241092336
9352800, 0.77426273, 0.309705092
9356400, 1.05667435, 0.42266974
9360000, 1.08226198, 0.432904792
9363600, 1.042459, 0.4169836
9367200, 1.04435438, 0.417741752
9370800, 1.07941891, 0.431767564
9374400, 1.13912338, 0.455649352
9378000, 1.03013903, 0.412055612
9381600, 0.92684082, 0.370736328
9385200, 0.82922875, 0.3316915
9388800, 0.82828106, 0.331312424
9392400, 0.88324708, 0.353298832
9396000, 1.04909283, 0.419637132
9399600, 1.33719059, 0.534876236
9403200, 1.43195959, 0.572783836
9406800, 1.44807032, 0.579228128
9410400, 1.1846125, 0.473845
9414000, 0.90599164, 0.362396656
9417600, 0.729234754, 0.2916939016
9421200, 0.608819504, 0.2435278016
9424800, 0.579919844, 0.2319679376
9428400, 0.564506692, 0.2258026768
9432000, 0.5779932, 0.23119728
9435600, 0.61170947, 0.244683788
9439200, 0.773547566, 0.3094190264
9442800, 1.071214064, 0.4284856256
9446400, 1.13671996, 0.454687984
9450000, 1.075067352, 0.4300269408
9453600, 1.056764234, 0.4227056936
9457200, 1.11263691, 0.445054764
9460800, 1.16561962, 0.466247848
9464400, 1.085663894, 0.4342655576
9468000, 0.998001592, 0.3992006368
9471600, 0.901669392, 0.3606677568
9475200, 0.89107285, 0.35642914
9478800, 0.90552268, 0.362209072
9482400, 1.029791218, 0.4119164872
9486000, 1.273511684, 0.5094046736
9489600, 1.41608334, 0.566433336
9493200, 1.418009984, 0.5672039936
9496800, 1.201262534, 0.4805050136
9500400, 0.933459018, 0.3733836072
9504000, 0.757786602, 0.3031146408
9507600, 0.650654644, 0.2602618576
9511200, 0.593648648, 0.2374594592
9514800, 0.573008546, 0.2292034184
9518400, 0.568094236, 0.2272376944
9522000, 0.595614372, 0.2382457488
9525600, 0.665397574, 0.2661590296
9529200, 0.85017563, 0.340070252
9532800, 1.108668336, 0.4434673344
9536400, 1.20892026, 0.483568104
9540000, 1.183365848, 0.4733463392
9543600, 1.220714604, 0.4882858416
9547200, 1.337675182, 0.5350700728
9550800, 1.203023088, 0.4812092352
9554400, 1.119479818, 0.4477919272
9558000, 0.984827724, 0.3939310896
9561600, 0.930770314, 0.3723081256
9565200, 0.927821728, 0.3711286912
9568800, 1.024142204, 0.4096568816
9572400, 1.25314905, 0.50125962
9576000, 1.34652094, 0.538608376
9579600, 1.342589492, 0.5370357968
9583200, 1.17452009, 0.469808036
9586800, 0.949444692, 0.3797778768
9590400, 0.784939386, 0.3139757544
9594000, 0.675835842, 0.2703343368
9597600, 0.581885568, 0.2327542272
9601200, 0.584916222, 0.2339664888
9604800, 0.571783388, 0.2287133552
9608400, 0.574814042, 0.2299256168
9612000, 0.63138625, 0.2525545
9615600, 0.736448922, 0.2945795688
9619200, 0.953645792, 0.3814583168
9622800, 1.204179856, 0.4816719424
9626400, 1.364804518, 0.5459218072
9630000, 1.446632176, 0.5786528704
9633600, 1.487040896, 0.5948163584
9637200, 1.244588576, 0.4978354304
9640800, 1.154679174, 0.4618716696
9644400, 1.037493886, 0.4149975544
9648000, 0.970819498, 0.3883277992
9651600, 0.970819498, 0.3883277992
9655200, 1.05567781, 0.422271124
9658800, 1.26782359, 0.507129436
9662400, 1.420366508, 0.5681466032
9666000, 1.425417598, 0.5701670392
9669600, 1.159730264, 0.4638921056
9673200, 0.91424729, 0.365698916
9676800, 0.733276334, 0.2933105336
9680400, 0.623936908, 0.2495747632
9684000, 0.58180612, 0.232722448
9687600, 0.579799892, 0.2319199568
9691200, 0.58180612, 0.232722448
9694800, 0.624940022, 0.2499760088
9698400, 0.770391552, 0.3081566208
9702000, 1.032204306, 0.4128817224
9705600, 1.177655836, 0.4710623344
9709200, 1.239848904, 0.4959395616
9712800, 1.210758598, 0.4843034392
9716400, 1.260914298, 0.5043657192
9720000, 1.259911184, 0.5039644736
9723600, 1.151574872, 0.4606299488
9727200, 1.01816071, 0.407264284
9730800, 0.91784931, 0.367139724
9734400, 0.895780802, 0.3583123208
9738000, 0.92788045, 0.37115218
9741600, 1.062297726, 0.4249190904
9745200, 1.381287978, 0.5525151912
9748800, 1.447493502, 0.5789974008
9752400, 1.46956201, 0.587824804
9756000, 1.195711888, 0.4782847552
9759600, 0.911830626, 0.3647322504
9763200, 0.7034265, 0.2813706
9766800, 0.598381476, 0.2393525904
9770400, 0.571182318, 0.2284729272
9774000, 0.573058122, 0.2292232488
9777600, 0.573996024, 0.2295984096
9781200, 0.601195182, 0.2404780728
9784800, 0.780334464, 0.3121337856
9788400, 1.047636534, 0.4190546136
9792000, 1.114227576, 0.4456910304
9795600, 1.058891358, 0.4235565432
9799200, 1.024188984, 0.4096755936
9802800, 1.06920828, 0.427683312
9806400, 1.133923518, 0.4535694072
9810000, 1.021375278, 0.4085501112
9813600, 0.924771372, 0.3699085488
9817200, 0.826291662, 0.3305166648
9820800, 0.818788446, 0.3275153784
9824400, 0.860056134, 0.3440224536
9828000, 1.00824465, 0.40329786
9831600, 1.277422524, 0.5109690096
9835200, 1.412480412, 0.5649921648
9838800, 1.43030055, 0.57212022
9842400, 1.193949246, 0.4775796984
9846000, 0.892882704, 0.3571530816
9849600, 0.704699093, 0.2818796372
9853200, 0.600369483, 0.2401477932
9856800, 0.573812855, 0.229525142
9860400, 0.563379894, 0.2253519576
9864000, 0.574761306, 0.2299045224
9867600, 0.588988071, 0.2355952284
9871200, 0.756863898, 0.3027455592
9874800, 0.993028197, 0.3972112788
9878400, 1.069852728, 0.4279410912
9882000, 1.10020316, 0.440081264
9885600, 1.029069335, 0.411627734
9889200, 1.114429925, 0.44577197
9892800, 1.188409103, 0.4753636412
9896400, 1.070801179, 0.4283204716
9900000, 0.963626216, 0.3854504864
9903600, 0.868781116, 0.3475124464
9907200, 0.856451253, 0.3425805012
9910800, 0.887750136, 0.3551000544
9914400, 0.992079746, 0.3968318984
9918000, 1.283254203, 0.5133016812
9921600, 1.401810578, 0.5607242312
9925200, 1.435006363, 0.5740025452
9928800, 1.203584319, 0.4814337276
9932400, 0.917152117, 0.3668608468
9936000, 0.725024139, 0.2900096556
9939600, 0.599987801, 0.2399951204
9943200, 0.567329056, 0.2269316224
9946800, 0.552399344, 0.2209597376
9950400, 0.565462842, 0.2261851368
9954000, 0.600920908, 0.2403683632
9957600, 0.76514774, 0.306059096
9961200, 1.046946054, 0.4187784216
9964800, 1.057210231, 0.4228840924
9968400, 1.025484593, 0.4101938372
9972000, 1.032949449, 0.4131797796
9975600, 1.060009552, 0.4240038208
9979200, 1.133725005, 0.453490002
9982800, 1.038548091, 0.4154192364
9986400, 0.919110395, 0.367644158
9990000, 0.826732802, 0.3306931208
9993600, 0.826732802, 0.3306931208
9997200, 0.870588831, 0.3482355324
10000800, 1.033882556, 0.4135530224
10004400, 1.293286302, 0.5173145208
10008000, 1.380065253, 0.5520261012
10011600, 1.408058463, 0.5632233852
10015200, 1.172915499, 0.4691661996
10018800, 0.898582041, 0.3594328164
10022400, 0.723991296, 0.2895965184
10026000, 0.597669898, 0.2390679592
10029600, 0.568446291, 0.2273785164
10033200, 0.555248533, 0.2220994132
10036800, 0.567503594, 0.2270014376
10040400, 0.597669898, 0.2390679592
10044000, 0.752272206, 0.3009088824
10047600, 1.038852094, 0.4155408376
10051200, 1.111439763, 0.4445759052
10054800, 1.056763337, 0.4227053348
10058400, 1.041680185, 0.416672074
10062000, 1.106726278, 0.4426905112
10065600, 1.155746522, 0.4622986088
10069200, 1.075617277, 0.4302469108
10072800, 0.982290274, 0.3929161096
10076400, 0.888963271, 0.3555853084
10080000, 0.881421695, 0.352568678
10083600, 0.888020574, 0.3552082296
10087200, 0.998316123, 0.3993264492
10090800, 1.209480251, 0.4837921004
10094400, 1.345228619, 0.5380914476
10098000, 1.370681438, 0.5482725752
10101600, 1.182142038, 0.4728568152
10105200, 0.92384306, 0.369537224
10108800, 0.749188062, 0.2996752248
10112400, 0.637097265, 0.254838906
10116000, 0.58440501, 0.233762004
10119600, 0.562370067, 0.2249480268
10123200, 0.557579862, 0.2230319448
10126800, 0.585363051, 0.2341452204
10130400, 0.647635716, 0.2590542864
10134000, 0.832537629, 0.3330150516
10137600, 1.081628289, 0.4326513156
10141200, 1.175516307, 0.4702065228
10144800, 1.158271569, 0.4633086276
10148400, 1.184138676, 0.4736554704
10152000, 1.300061637, 0.5200246548
10155600, 1.179348471, 0.4717393884
10159200, 1.098873027, 0.4395492108
10162800, 0.972411615, 0.388964646
10166400, 0.918761319, 0.3675045276
10170000, 0.906306786, 0.3625227144
10173600, 0.990614394, 0.3962457576
10177200, 1.191803004, 0.4767212016
10180800, 1.282816899, 0.5131267596
10184400, 1.301977719, 0.5207910876
10188000, 1.148691159, 0.4594764636
10191600, 0.937922139, 0.3751688556
10195200, 0.77195664, 0.308782656
10198800, 0.660121896, 0.2640487584
10202400, 0.575008728, 0.2300034912
10206000, 0.573029352, 0.2292117408
10209600, 0.562142784, 0.2248571136
10213200, 0.565111848, 0.2260447392
10216800, 0.622513752, 0.2490055008
10220400, 0.725441304, 0.2901765216
10224000, 0.941193288, 0.3764773152
10227600, 1.195543104, 0.4782172416
10231200, 1.33113036, 0.532452144
10234800, 1.417233216, 0.5668932864
10238400, 1.461769176, 0.5847076704
10242000, 1.216326552, 0.4865306208
10245600, 1.124285568, 0.4497142272
10249200, 1.0144302, 0.40577208
10252800, 0.95504892, 0.382019568
10256400, 0.949110792, 0.3796443168
10260000, 1.030265208, 0.4121060832
10263600, 1.216326552, 0.4865306208
10267200, 1.362800376, 0.5451201504
10270800, 1.396449768, 0.5585799072
10274400, 1.154965896, 0.4619863584
10278000, 0.914471712, 0.3657886848
10281600, 0.72574016, 0.290296064
10285200, 0.61924568, 0.247698272
10288800, 0.5719148, 0.22876592
10292400, 0.56994268, 0.227977072
10296000, 0.56895662, 0.227582648
10299600, 0.6113572, 0.24454288
10303200, 0.74841954, 0.299367816
10306800, 1.00676726, 0.402706904
10310400, 1.16157868, 0.464631472
10314000, 1.22567258, 0.490269032
10317600, 1.18524412, 0.474097648
10321200, 1.23454712, 0.493818848
10324800, 1.23158894, 0.492635576
10328400, 1.15171808, 0.460687232
10332000, 1.01662786, 0.406651144
10335600, 0.9170358, 0.36681432
10339200, 0.88350976, 0.353403904
10342800, 0.91999398, 0.367997592
10346400, 1.03930724, 0.415722896
10350000, 1.34301372, 0.537205488
10353600, 1.39133066, 0.556532264
10357200, 1.4347173, 0.57388692
10360800, 1.18623018, 0.474492072
10364400, 0.89830066, 0.359320264
10368000, 0.68758556, 0.275034224
10371600, 0.5859584, 0.23438336
10375200, 0.55757604, 0.223030416
10378800, 0.55482936, 0.221931744
10382400, 0.5584916, 0.22339664
10386000, 0.58687396, 0.234749584
10389600, 0.75808368, 0.303233472
10393200, 1.0162716, 0.40650864
10396800, 1.09500976, 0.438003904
10400400, 1.04007616, 0.416030464
10404000, 1.01077824, 0.404311296
10407600, 1.05014732, 0.420058928
10411200, 1.098672, 0.4394688
10414800, 1.00986268, 0.403945072
10418400, 0.91189776, 0.364759104
10422000, 0.8148484, 0.32593936
10425600, 0.81210172, 0.324840688
10429200, 0.85330192, 0.341320768
10432800, 0.98788924, 0.395155696
10436400, 1.23692156, 0.494768624
10440000, 1.33488648, 0.533954592
10443600, 1.38066448, 0.552265792
10447200, 1.17741016, 0.470964064
10450800, 0.87710648, 0.350842592
10454400, 0.6918964, 0.27675856
10458000, 0.59159464, 0.236637856
10461600, 0.55816072, 0.223264288
10465200, 0.54980224, 0.219920896
10468800, 0.55908944, 0.223635776
10472400, 0.57673512, 0.230694048
10476000, 0.7383324, 0.29533296
10479600, 0.96958368, 0.387833472
10483200, 1.05502592, 0.422010368
10486800, 1.07545776, 0.430183104
10490400, 1.0169484, 0.40677936
10494000, 1.09403216, 0.437612864
10497600, 1.1655436, 0.46621744
10501200, 1.06152696, 0.424610784
10504800, 0.94450824, 0.377803296
10508400, 0.85999472, 0.343997888
10512000, 0.84885008, 0.339540032
10515600, 0.87949784, 0.351799136
10519200, 0.9705124, 0.38820496
10522800, 1.23705504, 0.494822016
10526400, 1.34943016, 0.539772064
10530000, 1.39029384, 0.556117536
10533600, 1.18597544, 0.474390176
10537200, 0.905502, 0.3622008
10540800, 0.72089352, 0.288357408
10544400, 0.5984604, 0.23938416
10548000, 0.5619132, 0.22476528
10551600, 0.55003536, 0.220014144
10555200, 0.55917216, 0.223668864
10558800, 0.59023728, 0.236094912
10562400, 0.74373552, 0.297494208
10566000, 1.02514896, 0.410059584
10569600, 1.02789, 0.411156
10573200, 1.00596168, 0.402384672
10576800, 0.9959112, 0.39836448
10580400, 1.03794048, 0.415176192
10584000, 1.1146896, 0.44587584
10587600, 1.02606264, 0.410425056
10591200, 0.90271584, 0.361086336
10594800, 0.81591624, 0.326366496
10598400, 0.81134784, 0.324539136
10602000, 0.8634276, 0.34537104
10605600, 1.00596168, 0.402384672
10609200, 1.24808688, 0.499234752
10612800, 1.32574968, 0.530299872
10616400, 1.37234736, 0.548938944
10620000, 1.15671888, 0.462687552
10623600, 0.88444224, 0.353776896
10627200, 0.71624616, 0.286498464
10630800, 0.59285142, 0.237140568
10634400, 0.56223468, 0.224893872
10638000, 0.54924576, 0.219698304
10641600, 0.56223468, 0.224893872
10645200, 0.58728474, 0.234913896
10648800, 0.73480176, 0.293920704
10652400, 1.01313576, 0.405254304
10656000, 1.08921372, 0.435685488
10659600, 1.03633026, 0.414532104
10663200, 1.02705246, 0.410820984
10666800, 1.0855026, 0.43420104
10670400, 1.13003604, 0.452014416
10674000, 1.06880256, 0.427521024
10677600, 0.974169, 0.3896676
10681200, 0.881391, 0.3525564
10684800, 0.87396876, 0.349587504
10688400, 0.87953544, 0.351814176
10692000, 0.98623014, 0.394492056
10695600, 1.18941396, 0.475765584
10699200, 1.3035309, 0.52141236
10702800, 1.33507542, 0.534030168
10706400, 1.159725, 0.46389
10710000, 0.91293552, 0.365174208
10713600, 0.73896408, 0.295585632
10717200, 0.6276004, 0.25104016
10720800, 0.5756936, 0.23027744
10724400, 0.55493088, 0.221972352
10728000, 0.54926832, 0.219707328
10731600, 0.57663736, 0.230654944
10735200, 0.63609424, 0.254437696
10738800, 0.81823992, 0.327295968
10742400, 1.05984248, 0.423936992
10746000, 1.16365608, 0.465462432
10749600, 1.14572464, 0.458289856
10753200, 1.15893728, 0.463574912
10756800, 1.27596352, 0.510385408
10760400, 1.15799352, 0.463197408
10764000, 1.08343648, 0.433374592
10767600, 0.967354, 0.3869416
10771200, 0.9154472, 0.36617888
10774800, 0.89940328, 0.359761312
10778400, 0.97112904, 0.388451616
10782000, 1.16459984, 0.465839936
10785600, 1.26275088, 0.505100352
10789200, 1.27313224, 0.509252896
10792800, 1.13439952, 0.453759808
10796400, 0.9343224, 0.37372896
10800000, 0.7570854, 0.30283416
10803600, 0.64810368, 0.259241472
10807200, 0.58155732, 0.232622928
10810800, 0.55744632, 0.222978528
10814400, 0.5497308, 0.21989232
10818000, 0.55165968, 0.220663872
10821600, 0.60373944, 0.241495776
10825200, 0.70982784, 0.283931136
10828800, 0.9210402, 0.36841608
10832400, 1.17083016, 0.468332064
10836000, 1.30295844, 0.521183376
10839600, 1.38975804, 0.555903216
10843200, 1.4177268, 0.56709072
10846800, 1.17854568, 0.471418272
10850400, 1.09849716, 0.439398864
10854000, 0.99530208, 0.398120832
10857600, 0.93647124, 0.374588496
10861200, 0.92007576, 0.368030304
10864800, 0.99723096, 0.398892384
10868400, 1.1766168, 0.47064672
10872000, 1.3068162, 0.52272648
10875600, 1.33285608, 0.533142432
10879200, 1.12743036, 0.450972144
10882800, 0.89403588, 0.357614352
10886400, 0.708793408, 0.2835173632
10890000, 0.616930688, 0.2467722752
10893600, 0.561813056, 0.2247252224
10897200, 0.557945152, 0.2231780608
10900800, 0.556978176, 0.2227912704
10904400, 0.597591168, 0.2390364672
10908000, 0.733934784, 0.2935739136
10911600, 0.990183424, 0.3960733696
10915200, 1.146833536, 0.4587334144
10918800, 1.206786048, 0.4827144192
10922400, 1.167140032, 0.4668560128
10926000, 1.202918144, 0.4811672576
10929600, 1.212587904, 0.4850351616
10933200, 1.115890304, 0.4463561216
10936800, 0.988249472, 0.3952997888
10940400, 0.895419776, 0.3581679104
10944000, 0.872212352, 0.3488849408
10947600, 0.901221632, 0.3604886528
10951200, 1.017258752, 0.4069035008
10954800, 1.31508736, 0.526034944
10958400, 1.364403136, 0.5457612544
10962000, 1.393412416, 0.5573649664
10965600, 1.169073984, 0.4676295936
10969200, 0.891551872, 0.3566207488
10972800, 0.6767904, 0.27071616
10976400, 0.5799768, 0.23199072
10980000, 0.5446896, 0.21787584
10983600, 0.5410704, 0.21642816
10987200, 0.547404, 0.2189616
10990800, 0.579072, 0.2316288
10994400, 0.7437456, 0.29749824
10998000, 0.9970896, 0.39883584
11001600, 1.0821408, 0.43285632
11005200, 1.0233288, 0.40933152
11008800, 0.9934704, 0.39738816
11012400, 1.0332816, 0.41331264
11016000, 1.0929984, 0.43719936
11019600, 1.0097568, 0.40390272
11023200, 0.9084192, 0.36336768
11026800, 0.8107008, 0.32428032
11030400, 0.8061768, 0.32247072
11034000, 0.8514168, 0.34056672
11037600, 0.9853272, 0.39413088
11041200, 1.2223848, 0.48895392
11044800, 1.3173888, 0.52695552
11048400, 1.3590096, 0.54360384
11052000, 1.1653824, 0.46615296
11055600, 0.8649888, 0.34599552
11059200, 0.693193728, 0.2772774912
11062800, 0.586406912, 0.2345627648
11066400, 0.5523456, 0.22093824
11070000, 0.54774272, 0.219097088
11073600, 0.554186752, 0.2216747008
11077200, 0.571677696, 0.2286710784
11080800, 0.73185792, 0.292743168
11084400, 0.954637312, 0.3818549248
11088000, 1.050377216, 0.4201508864
11091600, 1.071550464, 0.4286201856
11095200, 1.008951296, 0.4035805184
11098800, 1.085359104, 0.4341436416
11102400, 1.159005184, 0.4636020736
11106000, 1.066027008, 0.4264108032
11109600, 0.94819328, 0.379277312
11113200, 0.857976832, 0.3431907328
11116800, 0.846009344, 0.3384037376
11120400, 0.86994432, 0.347977728
11124000, 0.962922496, 0.3851689984
11127600, 1.220683776, 0.4882735104
11131200, 1.312741376, 0.5250965504
11134800, 1.367975936, 0.5471903744
11138400, 1.177416704, 0.4709666816
11142000, 0.899402752, 0.3597611008
11145600, 0.698703264, 0.2794813056
11149200, 0.586299264, 0.2345197056
11152800, 0.546733056, 0.2186932224
11156400, 0.536841504, 0.2147366016
11160000, 0.543136128, 0.2172544512
11163600, 0.577306944, 0.2309227776
11167200, 0.724780992, 0.2899123968
11170800, 0.992752128, 0.3971008512
11174400, 1.006240608, 0.4024962432
11178000, 0.999046752, 0.3996187008
11181600, 0.981961344, 0.3927845376
11185200, 1.033217568, 0.4132870272
11188800, 1.096163808, 0.4384655232
11192400, 1.015232928, 0.4060931712
11196000, 0.891138912, 0.3564555648
11199600, 0.810208032, 0.3240832128
11203200, 0.803014176, 0.3212056704
11206800, 0.862363488, 0.3449453952
11210400, 0.999945984, 0.3999783936
11214000, 1.232847072, 0.4931388288
11217600, 1.284103296, 0.5136413184
11221200, 1.340754912, 0.5363019648
11224800, 1.145621568, 0.4582486272
11228400, 0.874053504, 0.3496214016
11232000, 0.707301184, 0.2829204736
11235600, 0.589265152, 0.2357060608
11239200, 0.55357984, 0.221431936
11242800, 0.540769728, 0.2163078912
11246400, 0.550834816, 0.2203339264
11250000, 0.579200064, 0.2316800256
11253600, 0.719196288, 0.2876785152
11257200, 0.985463616, 0.3941854464
11260800, 1.068729344, 0.4274917376
11264400, 1.036704064, 0.4146816256
11268000, 1.019318912, 0.4077275648
11271600, 1.087029504, 0.4348118016
11275200, 1.121799808, 0.4487199232
11278800, 1.060494272, 0.4241977088
11282400, 0.96533344, 0.386133376
11286000, 0.868342592, 0.3473370368
11289600, 0.871087616, 0.3484350464
11293200, 0.872002624, 0.3488010496
11296800, 0.972653504, 0.3890614016
11300400, 1.159315136, 0.4637260544
11304000, 1.26728608, 0.506914432
11307600, 1.305716416, 0.5222865664
11311200, 1.14376, 0.457504
11314800, 0.90585792, 0.362343168
11318400, 0.73305504, 0.293222016
11322000, 0.62393616, 0.249574464
11325600, 0.56704512, 0.226818048
11329200, 0.54466176, 0.217864704
11332800, 0.53906592, 0.215626368
11336400, 0.56704512, 0.226818048
11340000, 0.629532, 0.2518128
11343600, 0.8020704, 0.32082816
11347200, 1.04082624, 0.416330496
11350800, 1.14994512, 0.459978048
11354400, 1.13688816, 0.454755264
11358000, 1.1518104, 0.46072416
11361600, 1.26092928, 0.504371712
11365200, 1.15274304, 0.461097216
11368800, 1.07626656, 0.430506624
11372400, 0.96341712, 0.385366848
11376000, 0.9139872, 0.36559488
11379600, 0.89160384, 0.356641536
11383200, 0.95968656, 0.383874624
11386800, 1.14901248, 0.459604992
11390400, 1.23761328, 0.495045312
11394000, 1.2497376, 0.49989504
11397600, 1.12010064, 0.448040256
11401200, 0.93170736, 0.372682944
11404800, 0.754889952, 0.3019559808
11408400, 0.644861632, 0.2579446528
11412000, 0.576931104, 0.2307724416
11415600, 0.552055136, 0.2208220544
11419200, 0.548228064, 0.2192912256
11422800, 0.547271296, 0.2189085184
11426400, 0.598936768, 0.2395747072
11430000, 0.701310944, 0.2805243776
11433600, 0.91371344, 0.365485376
11437200, 1.154818976, 0.4619275904
11440800, 1.292593568, 0.5170374272
11444400, 1.378702688, 0.5514810752
11448000, 1.407405728, 0.5629622912
11451600, 1.171084032, 0.4684336128
11455200, 1.096456128, 0.4385824512
11458800, 0.996952256, 0.3987809024
11462400, 0.9328488, 0.37313952
11466000, 0.917540512, 0.3670162048
11469600, 0.989298112, 0.3957192448
11473200, 1.166300192, 0.4665200768
11476800, 1.281112352, 0.5124449408
11480400, 1.305031552, 0.5220126208
11484000, 1.1242024, 0.44968096
11487600, 0.890751008, 0.3563004032
11491200, 0.698565416, 0.2794261664
11494800, 0.607199912, 0.2428799648
11498400, 0.551048196, 0.2204192784
11502000, 0.545337852, 0.2181351408
11505600, 0.546289576, 0.2185158304
11509200, 0.58531026, 0.234124104
11512800, 0.716648172, 0.2866592688
11516400, 0.97075848, 0.388303392
11520000, 1.13255156, 0.453020624
11523600, 1.186799828, 0.4747199312
11527200, 1.145875696, 0.4583502784
11530800, 1.169668796, 0.4678675184
11534400, 1.193461896, 0.4773847584
11538000, 1.103048116, 0.4412192464
11541600, 0.983130892, 0.3932523568
11545200, 0.892717112, 0.3570868448
11548800, 0.864165392, 0.3456661568
11552400, 0.89937918, 0.359751672
11556000, 1.003117096, 0.4012468384
11559600, 1.282923952, 0.5131695808
11563200, 1.333365324, 0.5333461296
11566800, 1.36096532, 0.544386128
11570400, 1.159199832, 0.4636799328
11574000, 0.882248148, 0.3528992592
11577600, 0.6707181, 0.26828724
11581200, 0.5742633, 0.22970532
11584800, 0.5340738, 0.21362952
11588400, 0.5313945, 0.2125578
11592000, 0.5367531, 0.21470124
11595600, 0.571584, 0.2286336
11599200, 0.7278765, 0.2911506
11602800, 0.9797307, 0.39189228
11606400, 1.07172, 0.428688
11610000, 1.0038444, 0.40153776
11613600, 0.9788376, 0.39153504
11617200, 1.0243857, 0.40975428
11620800, 1.0904751, 0.43619004
11624400, 1.0065237, 0.40260948
11628000, 0.902031, 0.3608124
11631600, 0.7984314, 0.31937256
11635200, 0.8028969, 0.32115876
11638800, 0.8466588, 0.33866352
11642400, 0.9690135, 0.3876054
11646000, 1.2065781, 0.48263124
11649600, 1.2815985, 0.5126394
11653200, 1.3226811, 0.52907244
11656800, 1.1565645, 0.4626258
11660400, 0.8636277, 0.34545108
11664000, 0.68673894, 0.274695576
11667600, 0.579407556, 0.2317630224
11671200, 0.543024036, 0.2172096144
11674800, 0.539385684, 0.2157542736
11678400, 0.5457528, 0.21830112
11682000, 0.567582912, 0.2270331648
11685600, 0.724941636, 0.2899766544
11689200, 0.939604404, 0.3758417616
11692800, 1.037839908, 0.4151359632
11696400, 1.051483728, 0.4205934912
11700000, 0.999637212, 0.3998548848
11703600, 1.063308372, 0.4253233488
11707200, 1.15062882, 0.460251528
11710800, 1.05057414, 0.420229656
11714400, 0.942333168, 0.3769332672
11718000, 0.846826428, 0.3387305712
11721600, 0.835001784, 0.3340007136
11725200, 0.86865654, 0.347462616
11728800, 0.952338636, 0.3809354544
11732400, 1.20975204, 0.483900816
11736000, 1.287976608, 0.5151906432
11739600, 1.345280652, 0.5381122608
11743200, 1.17791646, 0.471166584
11746800, 0.894125004, 0.3576500016
11750400, 0.688603, 0.2754412
11754000, 0.57931504, 0.231726016
11757600, 0.53488904, 0.213955616
11761200, 0.52778088, 0.211112352
11764800, 0.53666608, 0.214666432
11768400, 0.56598724, 0.226394896
11772000, 0.70815044, 0.283260176
11775600, 0.97914904, 0.391659616
11779200, 0.99691944, 0.398767776
11782800, 0.98981128, 0.395924512
11786400, 0.955159, 0.3820636
11790000, 1.02535208, 0.410140832
11793600, 1.0839944, 0.43359776
11797200, 1.00935872, 0.403743488
11800800, 0.88052332, 0.352209328
11804400, 0.80588764, 0.322355056
11808000, 0.80499912, 0.321999648
11811600, 0.85831032, 0.343324128
11815200, 0.9906998, 0.39627992
11818800, 1.21460684, 0.485842736
11822400, 1.26347544, 0.505390176
11826000, 1.31323256, 0.525293024
11829600, 1.14352524, 0.457410096
11833200, 0.87608072, 0.350432288
11836800, 0.698666176, 0.2794664704
11840400, 0.581920144, 0.2327680576
11844000, 0.54752984, 0.219011936
11847600, 0.53395472, 0.213581888
11851200, 0.542099792, 0.2168399168
11854800, 0.569250032, 0.2277000128
11858400, 0.705001232, 0.2820004928
11862000, 0.96835856, 0.387343424
11865600, 1.051619296, 0.4206477184
11869200, 1.030804112, 0.4123216448
11872800, 1.005463888, 0.4021855552
11876400, 1.066099424, 0.4264397696
11880000, 1.111349824, 0.4445399296
11883600, 1.05433432, 0.421733728
11887200, 0.961118496, 0.3844473984
11890800, 0.857947584, 0.3431790336
11894400, 0.866997664, 0.3467990656
11898000, 0.871522704, 0.3486090816
11901600, 0.965643536, 0.3862574144
11905200, 1.157505232, 0.4630020928
11908800, 1.251626064, 0.5006504256
11912400, 1.274251264, 0.5097005056
11916000, 1.12673496, 0.450693984
11919600, 0.902292976, 0.3609171904
11923200, 0.72121718, 0.288486872
11926800, 0.61556116, 0.246224464
11930400, 0.55584254, 0.222337016
11934000, 0.53287384, 0.213149536
11937600, 0.531036344, 0.2124145376
11941200, 0.557680036, 0.2230720144
11944800, 0.617398656, 0.2469594624
11948400, 0.783692044, 0.3134768176
11952000, 1.016135288, 0.4064541152
11955600, 1.127303796, 0.4509215184
11959200, 1.119035064, 0.4476140256
11962800, 1.14384126, 0.457536504
11966400, 1.241228548, 0.4964914192
11970000, 1.142922512, 0.4571690048
11973600, 1.07034142, 0.428136568
11977200, 0.956416668, 0.3825666672
11980800, 0.903129284, 0.3612517136
11984400, 0.890266812, 0.3561067248
11988000, 0.952741676, 0.3810966704
11991600, 1.13465378, 0.453861512
11995200, 1.211828612, 0.4847314448
11998800, 1.220097344, 0.4880389376
12002400, 1.09790386, 0.439161544
12006000, 0.916910504, 0.3667642016
12009600, 0.749632416, 0.2998529664
12013200, 0.643757472, 0.2575029888
12016800, 0.57191376, 0.228765504
12020400, 0.545445024, 0.2181780096
12024000, 0.542609088, 0.2170436352
12027600, 0.541663776, 0.2166655104
12031200, 0.588929376, 0.2355717504
12034800, 0.692913696, 0.2771654784
12038400, 0.895210464, 0.3580841856
12042000, 1.133429088, 0.4533716352
12045600, 1.269554016, 0.5078216064
12049200, 1.364085216, 0.5456340864
12052800, 1.406624256, 0.5626497024
12056400, 1.178804064, 0.4715216256
12060000, 1.094671296, 0.4378685184
12063600, 0.988796352, 0.3955185408
12067200, 0.925460448, 0.3701841792
12070800, 0.909390144, 0.3637560576
12074400, 0.991632288, 0.3966529152
12078000, 1.156116576, 0.4624466304
12081600, 1.244030592, 0.4976122368
12085200, 1.268608704, 0.5074434816
12088800, 1.108850976, 0.4435403904
12092400, 0.878194848, 0.3512779392
12096000, 0.687125775, 0.27485031
12099600, 0.595509005, 0.238203602
12103200, 0.54035197, 0.216140788
12106800, 0.53287305, 0.21314922
12110400, 0.541286835, 0.216514734
12114000, 0.57774657, 0.231098628
12117600, 0.69740929, 0.278963716
12121200, 0.9535623, 0.38142492
12124800, 1.10874989, 0.443499956
12128400, 1.156428005, 0.462571202
12132000, 1.128382055, 0.451352822
12135600, 1.154558275, 0.46182331
12139200, 1.180734495, 0.472293798
12142800, 1.090987455, 0.436394982
12146400, 0.976933925, 0.39077357
12150000, 0.87503364, 0.350013456
12153600, 0.83950877, 0.335803508
12157200, 0.885317155, 0.354126862
12160800, 0.99656609, 0.398626436
12164400, 1.24337045, 0.49734818
12168000, 1.313485325, 0.52539413
12171600, 1.3275083, 0.53100332
12175200, 1.147079355, 0.458831742
12178800, 0.875968505, 0.350387402
12182400, 0.66949366, 0.267797464
12186000, 0.57461889, 0.229847556
12189600, 0.53165673, 0.212662692
12193200, 0.52807655, 0.21123062
12196800, 0.53523691, 0.214094764
12200400, 0.57103871, 0.228415484
12204000, 0.729461675, 0.29178467
12207600, 0.985444545, 0.394177818
12211200, 1.07942427, 0.431769708
12214800, 1.00424049, 0.401696196
12218400, 0.97380896, 0.389523584
12222000, 1.028406705, 0.411362682
12225600, 1.101800395, 0.440720158
12229200, 1.00961076, 0.403844304
12232800, 0.90041527, 0.360166108
12236400, 0.8055405, 0.3222162
12240000, 0.810015725, 0.32400629
12243600, 0.858348155, 0.343339262
12247200, 0.981864365, 0.392745746
12250800, 1.210995885, 0.484398354
12254400, 1.27633417, 0.510533668
12258000, 1.311240925, 0.52449637
12261600, 1.160873365, 0.464349346
12265200, 0.86998374, 0.347993496
12268800, 0.68595018, 0.274380072
12272400, 0.57327768, 0.229311072
12276000, 0.53361696, 0.213446784
12279600, 0.5273073, 0.21092292
12283200, 0.53812386, 0.215249544
12286800, 0.56065836, 0.224263344
12290400, 0.71569572, 0.286278288
12294000, 0.92211174, 0.368844696
12297600, 1.02486906, 0.409947624
12301200, 1.06002288, 0.424009152
12304800, 0.98791248, 0.395164992
12308400, 1.05100908, 0.420403632
12312000, 1.13844294, 0.455377176
12315600, 1.0410939, 0.41643756
12319200, 0.9329283, 0.37317132
12322800, 0.83918478, 0.335673912
12326400, 0.83197374, 0.332789496
12330000, 0.86622618, 0.346490472
12333600, 0.95275866, 0.381103464
12337200, 1.1988354, 0.47953416
12340800, 1.26103062, 0.504412248
12344400, 1.32142308, 0.528569232
12348000, 1.17449814, 0.469799256
12351600, 0.89416896, 0.357667584
12355200, 0.6812116, 0.27248464
12358800, 0.57148035, 0.22859214
12362400, 0.5284657, 0.21138628
12366000, 0.51880935, 0.20752374
12369600, 0.52583215, 0.21033286
12373200, 0.5583126, 0.22332504
12376800, 0.69964645, 0.27985858
12380400, 0.96475715, 0.38590286
12384000, 0.9919705, 0.3967882
12387600, 0.97880275, 0.3915211
12391200, 0.9410552, 0.37642208
12394800, 1.00864965, 0.40345986
12398400, 1.07185485, 0.42874194
12402000, 0.9919705, 0.3967882
12405600, 0.87346075, 0.3493843
12409200, 0.80498845, 0.32199538
12412800, 0.80147705, 0.32059082
12416400, 0.85765945, 0.34306378
12420000, 0.9814363, 0.39257452
12423600, 1.193876, 0.4775504
12427200, 1.24215775, 0.4968631
12430800, 1.2904395, 0.5161758
12434400, 1.13857145, 0.45542858
12438000, 0.8725829, 0.34903316
12441600, 0.68594475, 0.2743779
12445200, 0.57176814, 0.228707256
12448800, 0.53636454, 0.214545816
12452400, 0.52308819, 0.209235276
12456000, 0.52751364, 0.211005456
12459600, 0.5576067, 0.22304268
12463200, 0.69125529, 0.276502116
12466800, 0.94527612, 0.378110448
12470400, 1.0178535, 0.4071414
12474000, 1.00988769, 0.403955076
12477600, 0.98953062, 0.395812248
12481200, 1.0444062, 0.41776248
12484800, 1.09043088, 0.436172352
12488400, 1.03821057, 0.415284228
12492000, 0.94616121, 0.378464484
12495600, 0.84172059, 0.336688236
12499200, 0.8496864, 0.33987456
12502800, 0.85765221, 0.343060884
12506400, 0.94616121, 0.378464484
12510000, 1.12760466, 0.451041864
12513600, 1.20283731, 0.481134924
12517200, 1.23293037, 0.493172148
12520800, 1.10459232, 0.441836928
12524400, 0.88774527, 0.355098108
12528000, 0.716570855, 0.286628342
12531600, 0.609674065, 0.243869626
12535200, 0.54897843, 0.219591372
12538800, 0.526330805, 0.210532322
12542400, 0.526330805, 0.210532322
12546000, 0.55079024, 0.220316096
12549600, 0.60695635, 0.24278254
12553200, 0.774548775, 0.30981951
12556800, 0.995589595, 0.398235838
12560400, 1.107921815, 0.443168726
12564000, 1.09795686, 0.439182744
12567600, 1.124228105, 0.449691242
12571200, 1.222065845, 0.488826338
12574800, 1.127851725, 0.45114069
12578400, 1.062626565, 0.425050626
12582000, 0.950294345, 0.380117738
12585600, 0.89141052, 0.356564208
12589200, 0.88053966, 0.352215864
12592800, 0.95301206, 0.381204824
12596400, 1.11063953, 0.444255812
12600000, 1.180394215, 0.472157686
12603600, 1.18492374, 0.473969496
12607200, 1.077121045, 0.430848418
12610800, 0.91134043, 0.364536172
12614400, 0.743217675, 0.29728707
12618000, 0.642252255, 0.256900902
12621600, 0.56839792, 0.227359168
12625200, 0.539417105, 0.215766842
12628800, 0.54035197, 0.216140788
12632400, 0.5422217, 0.21688868
12636000, 0.586160355, 0.234464142
12639600, 0.68619091, 0.274476364
12643200, 0.89186121, 0.356744484
12646800, 1.122772865, 0.449109146
12650400, 1.2527191, 0.50108764
12654000, 1.34994506, 0.539978024
12657600, 1.388274525, 0.55530981
12661200, 1.165776655, 0.466310662
12664800, 1.068550695, 0.427420278
12668400, 0.978803655, 0.391521462
12672000, 0.91803743, 0.367214972
12675600, 0.90307959, 0.361231836
12679200, 0.980673385, 0.392269354
12682800, 1.141470165, 0.456588066
12686400, 1.21906396, 0.487625584
12690000, 1.24337045, 0.49734818
12693600, 1.107815025, 0.44312601
12697200, 0.883447425, 0.35337897
12700800, 0.67901535, 0.27160614
12704400, 0.58738035, 0.23495214
12708000, 0.53056665, 0.21222666
12711600, 0.5241522, 0.20966088
12715200, 0.5296503, 0.21186012
12718800, 0.56538795, 0.22615518
12722400, 0.6890952, 0.27563808
12726000, 0.92826255, 0.37130502
12729600, 1.08587475, 0.4343499
12733200, 1.1344413, 0.45377652
12736800, 1.09320555, 0.43728222
12740400, 1.13169225, 0.4526769
12744000, 1.1509356, 0.46037424
12747600, 1.0684641, 0.42738564
12751200, 0.95758575, 0.3830343
12754800, 0.8577036, 0.34308144
12758400, 0.82563135, 0.33025254
12762000, 0.87694695, 0.35077878
12765600, 0.9786618, 0.39146472
12769200, 1.20683295, 0.48273318
12772800, 1.28380635, 0.51352254
12776400, 1.28930445, 0.51572178
12780000, 1.13535765, 0.45414306
12783600, 0.8778633, 0.35114532
12787200, 0.666401904, 0.2665607616
12790800, 0.572083116, 0.2288332464
12794400, 0.527127432, 0.2108509728
12798000, 0.52007556, 0.208030224
12801600, 0.531534852, 0.2126139408
12805200, 0.566794212, 0.2267176848
12808800, 0.714883524, 0.2859534096
12812400, 0.9696324, 0.38785296
12816000, 1.063069704, 0.4252278816
12819600, 0.976684272, 0.3906737088
12823200, 0.948476784, 0.3793907136
12826800, 1.010180664, 0.4040722656
12830400, 1.085106804, 0.4340427216
12834000, 0.99607692, 0.398430768
12837600, 0.886772904, 0.3547091616
12841200, 0.799505988, 0.3198023952
12844800, 0.809202312, 0.3236809248
12848400, 0.855920964, 0.3423683856
12852000, 0.97403982, 0.389615928
12855600, 1.184714496, 0.4738857984
12859200, 1.233196116, 0.4932784464
12862800, 1.26492954, 0.505971816
12866400, 1.1459292, 0.45837168
12870000, 0.871787676, 0.3487150704
12873600, 0.683956488, 0.2735825952
12877200, 0.573212238, 0.2292848952
12880800, 0.530686446, 0.2122745784
12884400, 0.524484768, 0.2097939072
12888000, 0.532458354, 0.2129833416
12891600, 0.555493158, 0.2221972632
12895200, 0.701675568, 0.2806702272
12898800, 0.895699494, 0.3582797976
12902400, 1.003785882, 0.4015143528
12906000, 1.03213641, 0.412854564
12909600, 0.96126009, 0.384504036
12913200, 1.026820686, 0.4107282744
12916800, 1.118959902, 0.4475839608
12920400, 1.021504962, 0.4086019848
12924000, 0.931137654, 0.3724550616
12927600, 0.821279358, 0.3285117432
12931200, 0.82836699, 0.331346796
12934800, 0.858489426, 0.3433957704
12938400, 0.935567424, 0.3742269696
12942000, 1.167687372, 0.4670749488
12945600, 1.2403356, 0.49613424
12949200, 1.274001852, 0.5096007408
12952800, 1.152626154, 0.4610504616
12956400, 0.885954, 0.3543816
12960000, 0.676736544, 0.2706946176
12963600, 0.572889504, 0.2291558016
12967200, 0.52788912, 0.211155648
12970800, 0.5192352, 0.20769408
12974400, 0.5192352, 0.20769408
12978000, 0.554716272, 0.2218865088
12981600, 0.686255856, 0.2745023424
12985200, 0.948469632, 0.3793878528
12988800, 0.97789296, 0.391157184
12992400, 0.952796592, 0.3811186368
12996000, 0.924238656, 0.3696954624
12999600, 0.992604624, 0.3970418496
13003200, 1.059239808, 0.4236959232
13006800, 0.980489136, 0.3921956544
13010400, 0.860199648, 0.3440798592
13014000, 0.793564464, 0.3174257856
13017600, 0.79183368, 0.316733472
13021200, 0.845487984, 0.3381951936
13024800, 0.968373648, 0.3873494592
13028400, 1.179529296, 0.4718117184
13032000, 1.222798896, 0.4891195584
13035600, 1.2548184, 0.50192736
13039200, 1.12068264, 0.448273056
13042800, 0.866257392, 0.3465029568
13046400, 0.680192748, 0.2720770992
13050000, 0.570342498, 0.2281369992
13053600, 0.536948022, 0.2147792088
13057200, 0.520250784, 0.2081003136
13060800, 0.526402398, 0.2105609592
13064400, 0.557160468, 0.2228641872
13068000, 0.684586758, 0.2738347032
13071600, 0.939439338, 0.3757757352
13075200, 1.002713082, 0.4010852328
13078800, 1.007107092, 0.4028428368
13082400, 0.972833814, 0.3891335256
13086000, 1.034349954, 0.4137399816
13089600, 1.082684064, 0.4330736256
13093200, 1.022925528, 0.4091702112
13096800, 0.939439338, 0.3757757352
13100400, 0.837498306, 0.3349993224
13104000, 0.854195544, 0.3416782176
13107600, 0.86561997, 0.346247988
13111200, 0.946469754, 0.3785879016
13114800, 1.126624164, 0.4506496656
13118400, 1.185503898, 0.4742015592
13122000, 1.204837542, 0.4819350168
13125600, 1.092350886, 0.4369403544
13129200, 0.882317208, 0.3529268832
13132800, 0.711317358, 0.2845269432
13136400, 0.610991784, 0.2443967136
13140000, 0.554050242, 0.2216200968
13143600, 0.529646724, 0.2118586896
13147200, 0.530550558, 0.2122202232
13150800, 0.553146408, 0.2212585632
13154400, 0.606472614, 0.2425890456
13158000, 0.774585738, 0.3098342952
13161600, 0.98517906, 0.394071624
13165200, 1.095446808, 0.4381787232
13168800, 1.10719665, 0.44287866
13172400, 1.121657994, 0.4486631976
13176000, 1.219272066, 0.4877088264
13179600, 1.12075416, 0.448301664
13183200, 1.053870444, 0.4215481776
13186800, 0.943602696, 0.3774410784
13190400, 0.89027649, 0.356110596
13194000, 0.883949652, 0.3535798608
13197600, 0.958967874, 0.3835871496
13201200, 1.11623499, 0.446493996
13204800, 1.174080366, 0.4696321464
13208400, 1.158715188, 0.4634860752
13212000, 1.07556246, 0.430224984
13215600, 0.911968506, 0.3647874024
13219200, 0.738168648, 0.2952674592
13222800, 0.63906696, 0.255626784
13226400, 0.56497224, 0.225988896
13230000, 0.535334352, 0.2141337408
13233600, 0.535334352, 0.2141337408
13237200, 0.539965272, 0.2159861088
13240800, 0.580717368, 0.2322869472
13244400, 0.682597608, 0.2730390432
13248000, 0.883579536, 0.3534318144
13251600, 1.098454224, 0.4393816896
13255200, 1.237381824, 0.4949527296
13258800, 1.339262064, 0.5357048256
13262400, 1.362416664, 0.5449666656
13266000, 1.149394344, 0.4597577376
13269600, 1.063259232, 0.4253036928
13273200, 0.978050304, 0.3912201216
13276800, 0.901177032, 0.3604708128
13280400, 0.894693744, 0.3578774976
13284000, 0.969714648, 0.3878858592
13287600, 1.131796848, 0.4527187392
13291200, 1.211448672, 0.4845794688
13294800, 1.225341432, 0.4901365728
13298400, 1.104011328, 0.4416045312
13302000, 0.885431904, 0.3541727616
13305600, 0.67342814, 0.269371256
13309200, 0.582497335, 0.232998934
13312800, 0.52937934, 0.211751736
13316400, 0.51497446, 0.205989784
13320000, 0.523077205, 0.209230882
13323600, 0.55458788, 0.221835152
13327200, 0.6842318, 0.27369272
13330800, 0.92191232, 0.368764928
13334400, 1.070462645, 0.428185058
13338000, 1.106474845, 0.442589938
13341600, 1.081266305, 0.432506522
13345200, 1.10197332, 0.440789328
13348800, 1.13078308, 0.452313232
13352400, 1.034450445, 0.413780178
13356000, 0.92551354, 0.370205416
13359600, 0.832782125, 0.33311285
13363200, 0.81747694, 0.326990776
13366800, 0.861591885, 0.344636754
13370400, 0.96332635, 0.38533054
13374000, 1.169496195, 0.467798478
13377600, 1.259526695, 0.503810678
13381200, 1.273931575, 0.50957263
13384800, 1.119079115, 0.447631646
13388400, 0.875996765, 0.350398706
13392000, 0.65897004, 0.263588016
13395600, 0.568198008, 0.2272792032
13399200, 0.524557608, 0.2098230432
13402800, 0.515829528, 0.2063318112
13406400, 0.526303224, 0.2105212896
13410000, 0.557724312, 0.2230897248
13413600, 0.709592904, 0.2838371616
13417200, 0.948742296, 0.3794969184
13420800, 1.05173364, 0.420693456
13424400, 0.963580032, 0.3854320128
13428000, 0.926922096, 0.3707688384
13431600, 0.988891464, 0.3955565856
13435200, 1.084900344, 0.4339601376
13438800, 0.996746736, 0.3986986944
13442400, 0.895501008, 0.3582004032
13446000, 0.800364936, 0.3201459744
13449600, 0.805601784, 0.3222407136
13453200, 0.84662376, 0.338649504
13456800, 0.96881688, 0.387526752
13460400, 1.14774252, 0.459097008
13464000, 1.210584696, 0.4842338784
13467600, 1.235896128, 0.4943584512
13471200, 1.135523208, 0.4542092832
13474800, 0.869316768, 0.3477267072
13478400, 0.676354353, 0.2705417412
13482000, 0.571085193, 0.2284340772
13485600, 0.528100286, 0.2112401144
13489200, 0.522836828, 0.2091347312
13492800, 0.529854772, 0.2119419088
13496400, 0.550031361, 0.2200125444
13500000, 0.693899213, 0.2775596852
13503600, 0.877243, 0.3508972
13507200, 0.99128459, 0.396513836
13510800, 1.01760188, 0.407040752
13514400, 0.945667954, 0.3782671816
13518000, 1.014092908, 0.4056371632
13521600, 1.100062722, 0.4400250888
13525200, 1.005320478, 0.4021281912
13528800, 0.917596178, 0.3670384712
13532400, 0.816713233, 0.3266852932
13536000, 0.828117392, 0.3312469568
13539600, 0.843907766, 0.3375631064
13543200, 0.92987758, 0.371951032
13546800, 1.154451788, 0.4617807152
13550400, 1.227262957, 0.4909051828
13554000, 1.257966462, 0.5031865848
13557600, 1.137784171, 0.4551136684
13561200, 0.892156131, 0.3568624524
13564800, 0.676963722, 0.2707854888
13568400, 0.582223252, 0.2328893008
13572000, 0.53399174, 0.213596696
13575600, 0.523656416, 0.2094625664
13579200, 0.522795139, 0.2091180556
13582800, 0.556384942, 0.2225539768
13586400, 0.685576492, 0.2742305968
13590000, 0.941375761, 0.3765503044
13593600, 0.97324301, 0.389297204
13597200, 0.953433639, 0.3813734556
13600800, 0.927595329, 0.3710381316
13604400, 0.985300888, 0.3941203552
13608000, 1.055064325, 0.42202573
13611600, 0.978410672, 0.3913642688
13615200, 0.862999554, 0.3451998216
13618800, 0.79237484, 0.316949936
13622400, 0.782900793, 0.3131603172
13626000, 0.827687197, 0.3310748788
13629600, 0.957740024, 0.3830960096
13633200, 1.153249903, 0.4612999612
13636800, 1.204065246, 0.4816260984
13640400, 1.224735894, 0.4898943576
13644000, 1.114492438, 0.4457969752
13647600, 0.868167216, 0.3472668864
13651200, 0.683372297, 0.2733489188
13654800, 0.574594165, 0.229837666
13658400, 0.539504445, 0.215801778
13662000, 0.524591314, 0.2098365256
13665600, 0.529854772, 0.2119419088
13669200, 0.557926548, 0.2231706192
13672800, 0.687758512, 0.2751034048
13676400, 0.92110515, 0.36844206
13680000, 1.001811506, 0.4007246024
13683600, 1.006197721, 0.4024790884
13687200, 0.970230758, 0.3880923032
13690800, 1.029006039, 0.4116024156
13694400, 1.078131647, 0.4312526588
13698000, 1.031637768, 0.4126551072
13701600, 0.939527253, 0.3758109012
13705200, 0.828117392, 0.3312469568
13708800, 0.852680196, 0.3410720784
13712400, 0.857943654, 0.3431774616
13716000, 0.952685898, 0.3810743592
13719600, 1.129888984, 0.4519555936
13723200, 1.171119405, 0.468447762
13726800, 1.189541508, 0.4758166032
13730400, 1.091290292, 0.4365161168
13734000, 0.889524402, 0.3558097608
13737600, 0.709334787, 0.2837339148
13741200, 0.615175302, 0.2460701208
13744800, 0.55598934, 0.222395736
13748400, 0.535363929, 0.2141455716
13752000, 0.532673658, 0.2130694632
13755600, 0.553299069, 0.2213196276
13759200, 0.608898003, 0.2435592012
13762800, 0.767623992, 0.3070495968
13766400, 0.969394317, 0.3877577268
13770000, 1.081488942, 0.4325955768
13773600, 1.09404354, 0.437617416
13777200, 1.097630568, 0.4390522272
13780800, 1.206138165, 0.482455266
13784400, 1.109288409, 0.4437153636
13788000, 1.054586232, 0.4218344928
13791600, 0.938007822, 0.3752031288
13795200, 0.885099159, 0.3540396636
13798800, 0.875234832, 0.3500939328
13802400, 0.955046205, 0.382018482
13806000, 1.111081923, 0.4444327692
13809600, 1.15681653, 0.462726612
13813200, 1.139778147, 0.4559112588
13816800, 1.064450559, 0.4257802236
13820400, 0.903931056, 0.3615724224
13824000, 0.740540334, 0.2962161336
13827600, 0.644510166, 0.2578040664
13831200, 0.57248754, 0.228995016
13834800, 0.539246328, 0.2156985312
13838400, 0.536476227, 0.2145904908
13842000, 0.546633264, 0.2186533056
13845600, 0.585414678, 0.2341658712
13849200, 0.685138314, 0.2740553256
13852800, 0.884585586, 0.3538342344
13856400, 1.087726326, 0.4350905304
13860000, 1.219767807, 0.4879071228
13863600, 1.309334406, 0.5237337624
13867200, 1.340728884, 0.5362915536
13870800, 1.128354474, 0.4513417896
13874400, 1.060948683, 0.4243794732
13878000, 0.975075552, 0.3900302208
13881600, 0.90489966, 0.361959864
13885200, 0.902129559, 0.3608518236
13888800, 0.973228818, 0.3892915272
13892400, 1.13574141, 0.454296564
13896000, 1.195760265, 0.478304106
13899600, 1.210534137, 0.4842136548
13903200, 1.104346932, 0.4417387728
13906800, 0.894742623, 0.3578970492
13910400, 0.68104784, 0.272419136
13914000, 0.58670744, 0.234682976
13917600, 0.53639256, 0.214557024
13921200, 0.51842296, 0.207369184
13924800, 0.52201688, 0.208806752
13928400, 0.55885456, 0.223541824
13932000, 0.69362656, 0.277450624
13935600, 0.9164496, 0.36657984
13939200, 1.0602064, 0.42408256
13942800, 1.0916532, 0.43666128
13946400, 1.06739424, 0.426957696
13950000, 1.07727752, 0.430911008
13953600, 1.1320848, 0.45283392
13957200, 1.03055656, 0.412222624
13960800, 0.93082528, 0.372330112
13964400, 0.8266016, 0.33064064
13968000, 0.82480464, 0.329921856
13971600, 0.87781496, 0.351125984
13975200, 0.96856144, 0.387424576
13978800, 1.15724224, 0.462896896
13982400, 1.2488872, 0.49955488
13986000, 1.25607504, 0.502430016
13989600, 1.12399848, 0.449599392
13993200, 0.8805104, 0.35220416
13996800, 0.66231352, 0.264925408
14000400, 0.5744112, 0.22976448
14004000, 0.53002488, 0.212009952
14007600, 0.51697008, 0.206788032
14011200, 0.52741392, 0.210965568
14014800, 0.56048608, 0.224194432
14018400, 0.7049592, 0.28198368
14022000, 0.93211272, 0.372845088
14025600, 1.04264336, 0.417057344
14029200, 0.95213008, 0.380852032
14032800, 0.93211272, 0.372845088
14036400, 0.99564608, 0.398258432
14040000, 1.09399224, 0.437596896
14043600, 1.00260864, 0.401043456
14047200, 0.88598576, 0.354394304
14050800, 0.80330536, 0.321322144
14054400, 0.80243504, 0.320974016
14058000, 0.84943232, 0.339772928
14061600, 0.95996296, 0.383985184
14065200, 1.13750824, 0.455003296
14068800, 1.2053932, 0.48215728
14072400, 1.21235576, 0.484942304
14076000, 1.12532376, 0.450129504
14079600, 0.86944968, 0.347779872
14083200, 0.674498, 0.2697992
14086800, 0.57354088, 0.229416352
14090400, 0.53437648, 0.213750592
14094000, 0.522192, 0.2088768
14097600, 0.5265436, 0.21061744
14101200, 0.5526532, 0.22106128
14104800, 0.6919044, 0.27676176
14108400, 0.86422776, 0.345691104
14112000, 0.97911, 0.391644
14115600, 0.99738672, 0.398954688
14119200, 0.94516752, 0.378067008
14122800, 1.00608992, 0.402435968
14126400, 1.08702968, 0.434811872
14130000, 1.00347896, 0.401391584
14133600, 0.91122504, 0.364490016
14137200, 0.80852728, 0.323410912
14140800, 0.82854464, 0.331417856
14144400, 0.8398588, 0.33594352
14148000, 0.9268908, 0.37075632
14151600, 1.13837856, 0.455351424
14155200, 1.20278224, 0.481112896
14158800, 1.22628088, 0.490512352
14162400, 1.1270644, 0.45082576
14166000, 0.892078, 0.3568312
14169600, 0.67798192, 0.271192768
14173200, 0.58455584, 0.233822336
14176800, 0.53655712, 0.214622848
14180400, 0.52884304, 0.211537216
14184000, 0.52455744, 0.209822976
14187600, 0.55798512, 0.223194048
14191200, 0.68483888, 0.273935552
14194800, 0.93083232, 0.372332928
14198400, 0.95654592, 0.382618368
14202000, 0.95911728, 0.383646912
14205600, 0.91540416, 0.366161664
14209200, 0.97197408, 0.388789632
14212800, 1.0542576, 0.42170304
14216400, 0.97197408, 0.388789632
14220000, 0.85712, 0.342848
14223600, 0.78940752, 0.315763008
14227200, 0.78169344, 0.312677376
14230800, 0.83054928, 0.332219712
14234400, 0.95826016, 0.383304064
14238000, 1.14168384, 0.456673536
14241600, 1.18882544, 0.475530176
14245200, 1.2042536, 0.48170144
14248800, 1.10397056, 0.441588224
14252400, 0.87254816, 0.349019264
14256000, 0.6777936, 0.27111744
14259600, 0.574992, 0.2299968
14263200, 0.540144, 0.2160576
14266800, 0.5253336, 0.21013344
14270400, 0.5296896, 0.21187584
14274000, 0.5549544, 0.22198176
14277600, 0.6830208, 0.27320832
14281200, 0.8999496, 0.35997984
14284800, 0.975744, 0.3902976
14288400, 0.9949104, 0.39796416
14292000, 0.9652896, 0.38611584
14295600, 1.0123344, 0.40493376
14299200, 1.0707048, 0.42828192
14302800, 1.0358568, 0.41434272
14306400, 0.9426384, 0.37705536
14310000, 0.8346096, 0.33384384
14313600, 0.8476776, 0.33907104
14317200, 0.8529048, 0.34116192
14320800, 0.9469944, 0.37879776
14324400, 1.1229768, 0.44919072
14328000, 1.1682792, 0.46731168
14331600, 1.1743776, 0.46975104
14335200, 1.080288, 0.4321152
14338800, 0.8816544, 0.35266176
14342400, 0.70944808, 0.283779232
14346000, 0.61799232, 0.247196928
14349600, 0.5593896, 0.22375584
14353200, 0.53807952, 0.215231808
14356800, 0.53008824, 0.212035296
14360400, 0.55317416, 0.221269664
14364000, 0.60911312, 0.243645248
14367600, 0.75828368, 0.303313472
14371200, 0.95273816, 0.381095264
14374800, 1.05040936, 0.420163744
14378400, 1.0743832, 0.42975328
14382000, 1.0788228, 0.43152912
14385600, 1.1898128, 0.47592512
14389200, 1.09125368, 0.436501472
14392800, 1.04064224, 0.416256896
14396400, 0.92254888, 0.369019552
14400000, 0.8834804, 0.35339216
14403600, 0.87992872, 0.351971488
14407200, 0.95540192, 0.382160768
14410800, 1.1010208, 0.44040832
14414400, 1.1454168, 0.45816672
14418000, 1.11345168, 0.445380672
14421600, 1.0477456, 0.41909824
14425200, 0.90035088, 0.360140352
14428800, 0.72733056, 0.290932224
14432400, 0.63596192, 0.254384768
14436000, 0.56901856, 0.227607424
14439600, 0.53283296, 0.213133184
14443200, 0.53102368, 0.212409472
14446800, 0.5382608, 0.21530432
14450400, 0.57987424, 0.231949696
14454000, 0.6739568, 0.26958272
14457600, 0.86031264, 0.344125056
14461200, 1.06114272, 0.424457088
14464800, 1.19322016, 0.477288064
14468400, 1.2755424, 0.51021696
14472000, 1.30539552, 0.522158208
14475600, 1.1036608, 0.44146432
14479200, 1.03852672, 0.415410688
14482800, 0.95529984, 0.382119936
14486400, 0.89287968, 0.357151872
14490000, 0.89830752, 0.359323008
14493600, 0.95349056, 0.381396224
14497200, 1.10456544, 0.441826176
14500800, 1.1624624, 0.46498496
14504400, 1.17241344, 0.468965376
14508000, 1.08737728, 0.434950912
14511600, 0.882024, 0.3528096
14515200, 0.68465664, 0.273862656
14518800, 0.5928342, 0.23713368
14522400, 0.54291132, 0.217164528
14526000, 0.5215158, 0.20860632
14529600, 0.52775616, 0.211102464
14533200, 0.56074092, 0.224296368
14536800, 0.6953544, 0.27814176
14540400, 0.8959374, 0.35837496
14544000, 1.0608612, 0.42434448
14547600, 1.069776, 0.4279104
14551200, 1.06442712, 0.425770848
14554800, 1.07155896, 0.428623584
14558400, 1.12504776, 0.450019104
14562000, 1.01361276, 0.405445104
14565600, 0.91109256, 0.364437024
14569200, 0.82640196, 0.330560784
14572800, 0.82283604, 0.329134416
14576400, 0.86830152, 0.347320608
14580000, 0.9538836, 0.38155344
14583600, 1.1410944, 0.45643776
14587200, 1.2302424, 0.49209696
14590800, 1.23559128, 0.494236512
14594400, 1.11435, 0.44574
14598000, 0.88345668, 0.353382672
14601600, 0.666143572, 0.2664574288
14605200, 0.579105408, 0.2316421632
14608800, 0.530846624, 0.2123386496
14612400, 0.5170584, 0.20682336
14616000, 0.528261332, 0.2113045328
14619600, 0.556699544, 0.2226798176
14623200, 0.696305312, 0.2785221248
14626800, 0.906575728, 0.3626302912
14630400, 1.02119034, 0.408476136
14634000, 0.94363158, 0.377452632
14637600, 0.925534536, 0.3702138144
14641200, 0.990166836, 0.3960667344
14644800, 1.090993224, 0.4363972896
14648400, 0.991890364, 0.3967561456
14652000, 0.879861044, 0.3519444176
14655600, 0.80574934, 0.322299736
14659200, 0.802302284, 0.3209209136
14662800, 0.8402199, 0.33608796
14666400, 0.95655804, 0.382623216
14670000, 1.122016728, 0.4488066912
14673600, 1.183201972, 0.4732807888
14677200, 1.179754916, 0.4719019664
14680800, 1.103919684, 0.4415678736
14684400, 0.867796348, 0.3471185392
14688000, 0.677678624, 0.2710714496
14691600, 0.573952304, 0.2295809216
14695200, 0.538512478, 0.2154049912
14698800, 0.516902828, 0.2067611312
14702400, 0.52295353, 0.209181412
14706000, 0.558393356, 0.2233573424
14709600, 0.694966344, 0.2779865376
14713200, 0.846233894, 0.3384935576
14716800, 0.9508246, 0.38032984
14720400, 0.975027408, 0.3900109632
14724000, 0.947367056, 0.3789468224
14727600, 0.993179514, 0.3972718056
14731200, 1.078753728, 0.4315014912
14734800, 1.005280918, 0.4021123672
14738400, 0.911062844, 0.3644251376
14742000, 0.805607752, 0.3222431008
14745600, 0.818573542, 0.3274294168
14749200, 0.839318806, 0.3357275224
14752800, 0.92489302, 0.369957208
14756400, 1.122837414, 0.4491349656
14760000, 1.186801978, 0.4747207912
14763600, 1.195445838, 0.4781783352
14767200, 1.11937987, 0.447751948
14770800, 0.892046352, 0.3568185408
14774400, 0.678772872, 0.2715091488
14778000, 0.584475264, 0.2337901056
14781600, 0.538600752, 0.2154403008
14785200, 0.527556888, 0.2110227552
14788800, 0.520760664, 0.2083042656
14792400, 0.553892256, 0.2215569024
14796000, 0.6796224, 0.27184896
14799600, 0.908145432, 0.3632581728
14803200, 0.933631272, 0.3734525088
14806800, 0.954869472, 0.3819477888
14810400, 0.911543544, 0.3646174176
14814000, 0.95996664, 0.383986656
14817600, 1.044069912, 0.4176279648
14821200, 0.974408616, 0.3897634464
14824800, 0.860571864, 0.3442287456
14828400, 0.790910568, 0.3163642272
14832000, 0.782415288, 0.3129661152
14835600, 0.830838384, 0.3323353536
14839200, 0.95147136, 0.380588544
14842800, 1.11712932, 0.446851728
14846400, 1.178295336, 0.4713181344
14850000, 1.171499112, 0.4685996448
14853600, 1.083997728, 0.4335990912
14857200, 0.868217616, 0.3472870464
14860800, 0.677133248, 0.2708532992
14864400, 0.5852304, 0.23409216
14868000, 0.545348032, 0.2181392128
14871600, 0.530608896, 0.2122435584
14875200, 0.530608896, 0.2122435584
14878800, 0.554018112, 0.2216072448
14882400, 0.682335296, 0.2729341184
14886000, 0.882614144, 0.3530456576
14889600, 0.957176832, 0.3828707328
14893200, 1.000527232, 0.4002108928
14896800, 0.967580928, 0.3870323712
14900400, 0.982320064, 0.3929280256
14904000, 1.05774976, 0.423099904
14907600, 1.025670464, 0.4102681856
14911200, 0.932900608, 0.3731602432
14914800, 0.831460672, 0.3325842688
14918400, 0.853135872, 0.3412543488
14922000, 0.866140992, 0.3464563968
14925600, 0.943304704, 0.3773218816
14929200, 1.10977024, 0.443908096
14932800, 1.150519616, 0.4602078464
14936400, 1.150519616, 0.4602078464
14940000, 1.082025984, 0.4328103936
14943600, 0.89301824, 0.357207296
14947200, 0.71714322, 0.286857288
14950800, 0.622409486, 0.2489637944
14954400, 0.563975594, 0.2255902376
14958000, 0.54007082, 0.216028328
14961600, 0.534758648, 0.2139034592
14965200, 0.55335125, 0.2213405
14968800, 0.609129056, 0.2436516224
14972400, 0.750786976, 0.3003147904
14976000, 0.926974014, 0.3707896056
14979600, 1.029676006, 0.4118704024
14983200, 1.055351504, 0.4221406016
14986800, 1.086339174, 0.4345356696
14990400, 1.191697252, 0.4766789008
14994000, 1.081027002, 0.4324108008
14997600, 1.047383246, 0.4189532984
15001200, 0.926974014, 0.3707896056
15004800, 0.891559534, 0.3566238136
15008400, 0.884476638, 0.3537906552
15012000, 0.961503132, 0.3846012528
15015600, 1.098734242, 0.4394936968
15019200, 1.129721912, 0.4518887648
15022800, 1.112900034, 0.4451600136
15026400, 1.034988178, 0.4139952712
15030000, 0.89421562, 0.357686248
15033600, 0.726863848, 0.2907455392
15037200, 0.636118176, 0.2544472704
15040800, 0.572326664, 0.2289306656
15044400, 0.53459084, 0.213836336
15048000, 0.530996952, 0.2123987808
15051600, 0.5390832, 0.21563328
15055200, 0.57951444, 0.231805776
15058800, 0.66936164, 0.267744656
15062400, 0.847259096, 0.3389036384
15066000, 1.040430576, 0.4161722304
15069600, 1.173404432, 0.4693617728
15073200, 1.254266912, 0.5017067648
15076800, 1.288408848, 0.5153635392
15080400, 1.104222088, 0.4416888352
15084000, 1.044024464, 0.4176097856
15087600, 0.949684904, 0.3798739616
15091200, 0.893081168, 0.3572324672
15094800, 0.898472, 0.3593888
15098400, 0.948786432, 0.3795145728
15102000, 1.088948064, 0.4355792256
15105600, 1.150942632, 0.4603770528
15109200, 1.15453652, 0.461814608
15112800, 1.075470984, 0.4301883936
15116400, 0.881401032, 0.3525604128
15120000, 0.681741522, 0.2726966088
15123600, 0.592780419, 0.2371121676
15127200, 0.540813042, 0.2163252168
15130800, 0.518792967, 0.2075171868
15134400, 0.522316179, 0.2089264716
15138000, 0.550501875, 0.22020075
15141600, 0.684383931, 0.2737535724
15145200, 0.867590955, 0.347036382
15148800, 1.03934754, 0.415739016
15152400, 1.047274767, 0.4189099068
15156000, 1.041989949, 0.4167959796
15159600, 1.053440388, 0.4213761552
15163200, 1.117739007, 0.4470956028
15166800, 1.006757829, 0.4027031316
15170400, 0.903703878, 0.3614815512
15174000, 0.826193214, 0.3304772856
15177600, 0.824431608, 0.3297726432
15181200, 0.860544531, 0.3442178124
15184800, 0.94245921, 0.376983684
15188400, 1.120381416, 0.4481525664
15192000, 1.220792958, 0.4883171832
15195600, 1.209342519, 0.4837370076
15199200, 1.090434114, 0.4361736456
15202800, 0.877279788, 0.3509119152
15206400, 0.655751376, 0.2623005504
15210000, 0.573570648, 0.2294282592
15213600, 0.526973328, 0.2107893312
15217200, 0.513417744, 0.2053670976
15220800, 0.524431656, 0.2097726624
15224400, 0.553237272, 0.2212949088
15228000, 0.687098664, 0.2748394656
15231600, 0.870946272, 0.3483785088
15235200, 0.985321512, 0.3941286048
15238800, 0.928557504, 0.3714230016
15242400, 0.91923804, 0.367695216
15246000, 0.971765928, 0.3887063712
15249600, 1.07597448, 0.430389792
15253200, 0.981932616, 0.3927730464
15256800, 0.871793496, 0.3487173984
15260400, 0.80062668, 0.320250672
15264000, 0.795543336, 0.3182173344
15267600, 0.829432296, 0.3317729184
15271200, 0.939571416, 0.3758285664
15274800, 1.1013912, 0.44055648
15278400, 1.151377416, 0.4605509664
15282000, 1.1437524, 0.45750096
15285600, 1.072585584, 0.4290342336
15289200, 0.854849016, 0.3419396064
15292800, 0.675430392, 0.2701721568
15296400, 0.570798228, 0.2283192912
15300000, 0.536771508, 0.2147086032
15303600, 0.512102136, 0.2048408544
15307200, 0.51890748, 0.207562992
15310800, 0.552083532, 0.2208334128
15314400, 0.688190412, 0.2752761648
15318000, 0.81664128, 0.326656512
15321600, 0.92297478, 0.369189912
15325200, 0.9570015, 0.3828006
15328800, 0.941689476, 0.3766757904
15332400, 0.968060184, 0.3872240736
15336000, 1.064185668, 0.4256742672
15339600, 0.987625548, 0.3950502192
15343200, 0.895753404, 0.3583013616
15346800, 0.804731928, 0.3218927712
15350400, 0.808985268, 0.3235941072
15354000, 0.824297292, 0.3297189168
15357600, 0.921273444, 0.3685093776
15361200, 1.096511052, 0.4386044208
15364800, 1.172220504, 0.4688882016
15368400, 1.168817832, 0.4675271328
15372000, 1.099063056, 0.4396252224
15375600, 0.879590712, 0.3518362848
15379200, 0.671332893, 0.2685331572
15382800, 0.574353297, 0.2297413188
15386400, 0.535895871, 0.2143583484
15390000, 0.525863499, 0.2103453996
15393600, 0.520847313, 0.2083389252
15397200, 0.540912057, 0.2163648228
15400800, 0.667988769, 0.2671955076
15404400, 0.868636209, 0.3474544836
15408000, 0.910437759, 0.3641751036
15411600, 0.931338534, 0.3725354136
15415200, 0.89455317, 0.357821268
15418800, 0.954747402, 0.3818989608
15422400, 1.021629882, 0.4086519528
15426000, 0.954747402, 0.3818989608
15429600, 0.854423682, 0.3417694728
15433200, 0.779180892, 0.3116723568
15436800, 0.76914852, 0.307659408
15440400, 0.811786101, 0.3247144404
15444000, 0.935518689, 0.3742074756
15447600, 1.091856486, 0.4367425944
15451200, 1.15372278, 0.461489112
15454800, 1.149542625, 0.45981705
15458400, 1.07011968, 0.428047872
15462000, 0.861947961, 0.3447791844
15465600, 0.677789532, 0.2711158128
15469200, 0.583174242, 0.2332696968
15472800, 0.548768682, 0.2195074728
15476400, 0.532426041, 0.2129704164
15480000, 0.530705763, 0.2122823052
15483600, 0.554789655, 0.221915862
15487200, 0.683810505, 0.273524202
15490800, 0.867020112, 0.3468080448
15494400, 0.940131927, 0.3760527708
15498000, 0.981418599, 0.3925674396
15501600, 0.958194846, 0.3832779384
15505200, 0.970236792, 0.3880947168
15508800, 1.055390553, 0.4221562212
15512400, 1.01496402, 0.405985608
15516000, 0.917768313, 0.3671073252
15519600, 0.830034135, 0.332013654
15523200, 0.849817332, 0.3399269328
15526800, 0.863579556, 0.3454318224
15530400, 0.934971093, 0.3739884372
15534000, 1.111299588, 0.4445198352
15537600, 1.13538348, 0.454153392
15541200, 1.134523341, 0.4538093364
15544800, 1.072593333, 0.4290373332
15548400, 0.886803309, 0.3547213236
15552000, 0.70577892, 0.282311568
15555600, 0.615160392, 0.2460641568
15559200, 0.56200914, 0.224803656
15562800, 0.538483176, 0.2153932704
15566400, 0.53151252, 0.212605008
15570000, 0.548067828, 0.2192271312
15573600, 0.609061068, 0.2436244272
15577200, 0.730176216, 0.2920704864
15580800, 0.90182862, 0.360731448
15584400, 0.998546472, 0.3994185888
15588000, 1.035142416, 0.4140569664
15591600, 1.079580348, 0.4318321392
15595200, 1.164099552, 0.4656398208
15598800, 1.056054384, 0.4224217536
15602400, 1.030785756, 0.4123143024
15606000, 0.911413272, 0.3645653088
15609600, 0.886144644, 0.3544578576
15613200, 0.878302656, 0.3513210624
15616800, 0.946266552, 0.3785066208
15620400, 1.081323012, 0.4325292048
15624000, 1.11530496, 0.446121984
15627600, 1.085679672, 0.4342718688
15631200, 1.017715776, 0.4070863104
15634800, 0.88004532, 0.352018128
15638400, 0.718735248, 0.2874940992
15642000, 0.631535751, 0.2526143004
15645600, 0.569879541, 0.2279518164
15649200, 0.530243406, 0.2120973624
15652800, 0.5284818, 0.21139272
15656400, 0.532885815, 0.213154326
15660000, 0.571641147, 0.2286564588
15663600, 0.659721447, 0.2638885788
15667200, 0.829716426, 0.3318865704
15670800, 1.014685056, 0.4058740224
15674400, 1.156494339, 0.4625977356
15678000, 1.210223322, 0.4840893288
15681600, 1.255144275, 0.50205771
15685200, 1.082506887, 0.4330027548
15688800, 1.025254692, 0.4101018768
15692400, 0.928366362, 0.3713465448
15696000, 0.877279788, 0.3509119152
15699600, 0.891372636, 0.3565490544
15703200, 0.928366362, 0.3713465448
15706800, 1.054321191, 0.4217284764
15710400, 1.125666234, 0.4502664936
15714000, 1.116858204, 0.4467432816
15717600, 1.046393964, 0.4185575856
15721200, 0.864948546, 0.3459794184
15724800, 0.677905275, 0.27116211
15728400, 0.585661425, 0.23426457
15732000, 0.54127995, 0.21651198
15735600, 0.517783875, 0.20711355
15739200, 0.5186541, 0.20746164
15742800, 0.547371525, 0.21894861
15746400, 0.67355415, 0.26942166
15750000, 0.843248025, 0.33729921
15753600, 1.009461, 0.4037844
15757200, 1.029476175, 0.41179047
15760800, 1.0373082, 0.41492328
15764400, 1.041659325, 0.41666373
15768000, 1.1173689, 0.44694756
15771600, 1.001628975, 0.40065159
15775200, 0.8945913, 0.35783652
15778800, 0.813660375, 0.32546415
15782400, 0.81279015, 0.32511606
15786000, 0.8528205, 0.3411282
15789600, 0.9433239, 0.37732956
15793200, 1.102575075, 0.44103003
15796800, 1.2009105, 0.4803642
15800400, 1.184376225, 0.47375049
15804000, 1.071246975, 0.42849879
15807600, 0.87544635, 0.35017854
15811200, 0.661308174, 0.2645232696
15814800, 0.576330915, 0.230532366
15818400, 0.528373452, 0.2113493808
15822000, 0.516594426, 0.2066377704
15825600, 0.525849375, 0.21033975
15829200, 0.548566068, 0.2194264272
15832800, 0.678135354, 0.2712541416
15836400, 0.844724436, 0.3378897744
15840000, 0.968404209, 0.3873616836
15843600, 0.920446746, 0.3681786984
15847200, 0.90866772, 0.363467088
15850800, 0.957466542, 0.3829866168
15854400, 1.078622238, 0.4314488952
15858000, 0.980183235, 0.392073294
15861600, 0.878378796, 0.3513515184
15865200, 0.804339204, 0.3217356816
15868800, 0.795084255, 0.318033702
15872400, 0.822849102, 0.3291396408
15876000, 0.932225772, 0.3728903088
15879600, 1.083670392, 0.4334681568
15883200, 1.154344548, 0.4617378192
15886800, 1.125738342, 0.4502953368
15890400, 1.050016032, 0.4200064128
15894000, 0.851455308, 0.3405821232
15897600, 0.674608608, 0.2698434432
15901200, 0.571859232, 0.2287436928
15904800, 0.539855328, 0.2159421312
15908400, 0.51374688, 0.205498752
15912000, 0.51795792, 0.207183168
15915600, 0.550804032, 0.2203216128
15919200, 0.679661856, 0.2718647424
15922800, 0.798413184, 0.3193652736
15926400, 0.902004768, 0.3608019072
15930000, 0.941588544, 0.3766354176
15933600, 0.927271008, 0.3709084032
15937200, 0.950852832, 0.3803411328
15940800, 1.05697104, 0.422788416
15944400, 0.973592448, 0.3894369792
15948000, 0.88852944, 0.355411776
15951600, 0.794202144, 0.3176808576
15955200, 0.799255392, 0.3197021568
15958800, 0.8211528, 0.32846112
15962400, 0.92221776, 0.368887104
15966000, 1.092343776, 0.4369375104
15969600, 1.155509376, 0.4622037504
15973200, 1.156351584, 0.4625406336
15976800, 1.087290528, 0.4349162112
15980400, 0.870843072, 0.3483372288
15984000, 0.665818062, 0.2663272248
15987600, 0.567514899, 0.2270059596
15991200, 0.52868928, 0.211475712
15994800, 0.519602433, 0.2078409732
15998400, 0.517950279, 0.2071801116
16002000, 0.535297896, 0.2141191584
16005600, 0.660035523, 0.2640142092
16009200, 0.843424617, 0.3373698468
16012800, 0.892989237, 0.3571956948
16016400, 0.914467239, 0.3657868956
16020000, 0.895467468, 0.3581869872
16023600, 0.937597395, 0.375038958
16027200, 1.011118248, 0.4044472992
16030800, 0.938423472, 0.3753693888
16034400, 0.858294003, 0.3433176012
16038000, 0.781468842, 0.3125875368
16041600, 0.765773379, 0.3063093516
16045200, 0.800468613, 0.3201874452
16048800, 0.928510548, 0.3714042192
16052400, 1.0739001, 0.42956004
16056000, 1.133377644, 0.4533510576
16059600, 1.126769028, 0.4507076112
16063200, 1.055726406, 0.4222905624
16066800, 0.85085931, 0.340343724
16070400, 0.667197687, 0.2668790748
16074000, 0.575489556, 0.2301958224
16077600, 0.53846976, 0.215387904
16081200, 0.525849375, 0.21033975
16084800, 0.523325298, 0.2093301192
16088400, 0.546041991, 0.2184167964
16092000, 0.670563123, 0.2682252492
16095600, 0.834628128, 0.3338512512
16099200, 0.903619566, 0.3614478264
16102800, 0.956625183, 0.3826500732
16106400, 0.938956644, 0.3755826576
16110000, 0.954942465, 0.381976986
16113600, 1.036554288, 0.4146217152
16117200, 1.00121721, 0.400486884
16120800, 0.898571412, 0.3594285648
16124400, 0.811911435, 0.324764574
16128000, 0.830421333, 0.3321685332
16131600, 0.844724436, 0.3378897744
16135200, 0.911191797, 0.3644767188
16138800, 1.079463597, 0.4317854388
16142400, 1.098814854, 0.4395259416
16146000, 1.10218029, 0.440872116
16149600, 1.055905545, 0.422362218
16153200, 0.876696078, 0.3506784312
16156800, 0.704158902, 0.2816635608
16160400, 0.614211597, 0.2456846388
16164000, 0.560243214, 0.2240972856
16167600, 0.535400625, 0.21416025
16171200, 0.531974061, 0.2127896244
16174800, 0.542253753, 0.2169015012
16178400, 0.603075264, 0.2412301056
16182000, 0.720435081, 0.2881740324
16185600, 0.88234023, 0.352936092
16189200, 0.969717612, 0.3878870448
16192800, 1.01083638, 0.404334552
16196400, 1.063091481, 0.4252365924
16200000, 1.141902453, 0.4567609812
16203600, 1.035678969, 0.4142715876
16207200, 1.013406303, 0.4053625212
16210800, 0.898616409, 0.3594465636
16214400, 0.874630461, 0.3498521844
16218000, 0.860924205, 0.344369682
16221600, 0.935451972, 0.3741807888
16225200, 1.057094994, 0.4228379976
16228800, 1.073371173, 0.4293484692
16232400, 1.056238353, 0.4224953412
16236000, 0.994560201, 0.3978240804
16239600, 0.869490615, 0.347796246
16243200, 0.714598206, 0.2858392824
16246800, 0.628085106, 0.2512340424
16250400, 0.570121329, 0.2280485316
16254000, 0.526864779, 0.2107459116
16257600, 0.520808862, 0.2083235448
16261200, 0.530325303, 0.2121301212
16264800, 0.568391067, 0.2273564268
16268400, 0.651443643, 0.2605774572
16272000, 0.814088271, 0.3256353084
16275600, 0.990574995, 0.396229998
16279200, 1.121209776, 0.4484839104
16282800, 1.172252505, 0.468901002
16286400, 1.230216282, 0.4920865128
16290000, 1.065841392, 0.4263365568
16293600, 1.009607877, 0.4038431508
16297200, 0.906657288, 0.3626629152
16300800, 0.860805345, 0.344322138
16304400, 0.874647441, 0.3498589764
16308000, 0.907522419, 0.3630089676
16311600, 1.026045366, 0.4104181464
16315200, 1.101311763, 0.4405247052
16318800, 1.099581501, 0.4398326004
16322400, 1.028640759, 0.4114563036
16326000, 0.85647969, 0.342591876
16329600, 0.677751808, 0.2711007232
16333200, 0.5812992, 0.23251968
16336800, 0.541684736, 0.2166738944
16340400, 0.517571584, 0.2070286336
16344000, 0.520155136, 0.2080620544
16347600, 0.545990656, 0.2183962624
16351200, 0.665695232, 0.2662780928
16354800, 0.81381888, 0.325527552
16358400, 0.97744384, 0.390977536
16362000, 1.005001728, 0.4020006912
16365600, 1.032559616, 0.4130238464
16369200, 1.036004352, 0.4144017408
16372800, 1.101454336, 0.4405817344
16376400, 1.004140544, 0.4016562176
16380000, 0.899076096, 0.3596304384
16383600, 0.812096512, 0.3248386048
16387200, 0.80951296, 0.323805184
16390800, 0.854294528, 0.3417178112
16394400, 0.937829376, 0.3751317504
16398000, 1.090258944, 0.4361035776
16401600, 1.16690432, 0.466761728
16405200, 1.156570112, 0.4626280448
16408800, 1.062701056, 0.4250804224
16412400, 0.870657024, 0.3482628096
16416000, 0.66441523, 0.265766092
16419600, 0.581572525, 0.23262901
16423200, 0.536385595, 0.214554238
16426800, 0.52216008, 0.208864032
16430400, 0.53220162, 0.212880648
16434000, 0.5522847, 0.22091388
16437600, 0.678640745, 0.271456298
16441200, 0.827590255, 0.331036102
16444800, 0.94223117, 0.376892468
16448400, 0.92549527, 0.370198108
16452000, 0.911269755, 0.364507902
16455600, 0.956456685, 0.382582674
16459200, 1.07946555, 0.43178622
16462800, 0.96733502, 0.386934008
16466400, 0.881145135, 0.352458054
16470000, 0.810854355, 0.324341742
16473600, 0.800812815, 0.320325126
16477200, 0.81671192, 0.326684768
16480800, 0.926332065, 0.370532826
16484400, 1.060219265, 0.424087706
16488000, 1.122142095, 0.448856838
16491600, 1.10122222, 0.440488888
16495200, 1.038462595, 0.415385038
16498800, 0.84516295, 0.33806518
16502400, 0.675293565, 0.270117426
16506000, 0.57906214, 0.231624856
16509600, 0.544753545, 0.217901418
16513200, 0.51713931, 0.206855724
16516800, 0.52216008, 0.208864032
16520400, 0.55061111, 0.220244444
16524000, 0.67613036, 0.270452144
16527600, 0.78324012, 0.313296048
16531200, 0.879471545, 0.351788618
16534800, 0.933026425, 0.37321057
16538400, 0.919637705, 0.367855082
16542000, 0.94725194, 0.378900776
16545600, 1.04432016, 0.417728064
16549200, 0.958130275, 0.38325211
16552800, 0.87361398, 0.349445592
16556400, 0.790771275, 0.31630851
16560000, 0.794118455, 0.317647382
16563600, 0.817548715, 0.327019486
16567200, 0.919637705, 0.367855082
16570800, 1.075281575, 0.43011263
16574400, 1.148919535, 0.459567814
16578000, 1.13636761, 0.454547044
16581600, 1.08615991, 0.434463964
16585200, 0.871103595, 0.348441438
16588800, 0.6723795, 0.2689518
16592400, 0.569882625, 0.22795305
16596000, 0.53298375, 0.2131935
16599600, 0.523964025, 0.20958561
16603200, 0.522324075, 0.20892963
16606800, 0.537083625, 0.21483345
16610400, 0.65761995, 0.26304798
16614000, 0.825714825, 0.33028593
16617600, 0.8757333, 0.35029332
16621200, 0.8954127, 0.35816508
16624800, 0.88721295, 0.35488518
16628400, 0.927391725, 0.37095669
16632000, 1.009389225, 0.40375569
16635600, 0.93313155, 0.37325262
16639200, 0.861793725, 0.34471749
16642800, 0.7806162, 0.31224648
16646400, 0.7642167, 0.30568668
16650000, 0.786356025, 0.31454241
16653600, 0.91017225, 0.3640689
16657200, 1.0626876, 0.42507504
16660800, 1.1250057, 0.45000228
16664400, 1.11680595, 0.44672238
16668000, 1.040548275, 0.41621931
16671600, 0.840474375, 0.33618975
16675200, 0.660380112, 0.2641520448
16678800, 0.569350272, 0.2277401088
16682400, 0.535420968, 0.2141683872
16686000, 0.522180264, 0.2088721056
16689600, 0.522180264, 0.2088721056
16693200, 0.538731144, 0.2154924576
16696800, 0.662862744, 0.2651450976
16700400, 0.81099312, 0.324397248
16704000, 0.88133436, 0.352533744
16707600, 0.935952264, 0.3743809056
16711200, 0.920228928, 0.3680915712
16714800, 0.929331912, 0.3717327648
16718400, 1.023671928, 0.4094687712
16722000, 0.978157008, 0.3912628032
16725600, 0.88133436, 0.352533744
16729200, 0.813475752, 0.3253903008
16732800, 0.814303296, 0.3257213184
16736400, 0.836646984, 0.3346587936
16740000, 0.899540328, 0.3598161312
16743600, 1.068359304, 0.4273437216
16747200, 1.077462288, 0.4309849152
16750800, 1.079117376, 0.4316469504
16754400, 1.040222808, 0.4160891232
16758000, 0.858990672, 0.3435962688
16761600, 0.700375549, 0.2801502196
16765200, 0.60975864, 0.243903456
16768800, 0.560639194, 0.2242556776
16772400, 0.537773245, 0.215109298
16776000, 0.53353881, 0.213415524
16779600, 0.540313906, 0.2161255624
16783200, 0.600442883, 0.2401771532
16786800, 0.71138508, 0.284554032
16790400, 0.858743418, 0.3434973672
16794000, 0.952747875, 0.38109915
16797600, 1.001020434, 0.4004081736
16801200, 1.048446106, 0.4193784424
16804800, 1.125512823, 0.4502051292
16808400, 1.018805061, 0.4075220244
16812000, 0.996785999, 0.3987143996
16815600, 0.884996915, 0.353998766
16819200, 0.86382474, 0.345529896
16822800, 0.85535587, 0.342142348
16826400, 0.935810135, 0.374324054
16830000, 1.039977236, 0.4159908944
16833600, 1.051833654, 0.4207334616
16837200, 1.038283462, 0.4153133848
16840800, 0.984082694, 0.3936330776
16844400, 0.857049644, 0.3428198576
16848000, 0.71456406, 0.285825624
16851600, 0.62792424, 0.251169696
16855200, 0.57216594, 0.228866376
16858800, 0.5275593, 0.21102372
16862400, 0.52412802, 0.209651208
16866000, 0.53270622, 0.213082488
16869600, 0.5704503, 0.22818012
16873200, 0.64164936, 0.256659744
16876800, 0.80806644, 0.323226576
16880400, 0.9779148, 0.39116592
16884000, 1.1065878, 0.44263512
16887600, 1.15719918, 0.462879672
16891200, 1.21295748, 0.485182992
16894800, 1.05426078, 0.421704312
16898400, 0.99764466, 0.399057864
16902000, 0.89384844, 0.357539376
16905600, 0.85610436, 0.342441744
16909200, 0.86725602, 0.346902408
16912800, 0.900711, 0.3602844
16916400, 1.01394324, 0.405577296
16920000, 1.09028922, 0.436115688
16923600, 1.09028922, 0.436115688
16927200, 1.02166362, 0.408665448
16930800, 0.85267308, 0.341069232
16934400, 0.67097366, 0.268389464
16938000, 0.57766506, 0.231066024
16941600, 0.54118988, 0.216475952
16945200, 0.51659034, 0.206636136
16948800, 0.51828686, 0.207314744
16952400, 0.54203814, 0.216815256
16956000, 0.66418758, 0.265675032
16959600, 0.79481962, 0.317927848
16963200, 0.95683728, 0.382734912
16966800, 0.99076768, 0.396307072
16970400, 1.0094294, 0.40377176
16974000, 1.04166328, 0.416665312
16977600, 1.08831758, 0.435327032
16981200, 0.98058856, 0.392235424
16984800, 0.88897648, 0.355590592
16988400, 0.79906092, 0.319624368
16992000, 0.8100883, 0.32403532
16995600, 0.83468784, 0.333875136
16999200, 0.91951384, 0.367805536
17002800, 1.06117326, 0.424469304
17006400, 1.13921318, 0.455685272
17010000, 1.12648928, 0.450595712
17013600, 1.04420806, 0.417683224
17017200, 0.86268042, 0.345072168
17020800, 0.66445152, 0.265780608
17024400, 0.576352, 0.2305408
17028000, 0.535184, 0.2140736
17031600, 0.51954016, 0.207816064
17035200, 0.5310672, 0.21242688
17038800, 0.54506432, 0.218025728
17042400, 0.67268512, 0.269074048
17046000, 0.80359936, 0.321439744
17049600, 0.91557632, 0.366230528
17053200, 0.91145952, 0.364583808
17056800, 0.89499232, 0.357996928
17060400, 0.92628, 0.370512
17064000, 1.06954464, 0.427817856
17067600, 0.946864, 0.3787456
17071200, 0.86946816, 0.347787264
17074800, 0.8110096, 0.32440384
17078400, 0.79207232, 0.316828928
17082000, 0.80195264, 0.320781056
17085600, 0.91475296, 0.365901184
17089200, 1.03414016, 0.413656064
17092800, 1.09753888, 0.439015552
17096400, 1.0827184, 0.43308736
17100000, 1.01931968, 0.407727872
17103600, 0.83241696, 0.332966784
17107200, 0.67607567, 0.270430268
17110800, 0.58008451, 0.232033804
17114400, 0.54781162, 0.219124648
17118000, 0.51884877, 0.207539508
17121600, 0.52298632, 0.209194528
17125200, 0.54532909, 0.218131636
17128800, 0.67193812, 0.268775248
17132400, 0.76875679, 0.307502716
17136000, 0.84985277, 0.339941108
17139600, 0.91688108, 0.366752432
17143200, 0.91108851, 0.364435404
17146800, 0.9350863, 0.37403452
17150400, 1.0261124, 0.41044496
17154000, 0.94418891, 0.377675564
17157600, 0.8688855, 0.3475542
17161200, 0.78696201, 0.314784804
17164800, 0.79192707, 0.316770828
17168400, 0.80682225, 0.3227289
17172000, 0.91522606, 0.366090424
17175600, 1.05590276, 0.422361104
17179200, 1.14444633, 0.457778532
17182800, 1.11879352, 0.447517408
17186400, 1.06666039, 0.426664156
17190000, 0.85564534, 0.342258136
17193600, 0.66590402, 0.266361608
17197200, 0.570542, 0.2282168
17200800, 0.53956972, 0.215827888
17204400, 0.52408358, 0.209633432
17208000, 0.52326852, 0.209307408
17211600, 0.53712454, 0.214849816
17215200, 0.65286306, 0.261145224
17218800, 0.8069094, 0.32276376
17222400, 0.8598883, 0.34395532
17226000, 0.87700456, 0.350801824
17229600, 0.8884154, 0.35536616
17233200, 0.92264792, 0.369059168
17236800, 0.99600332, 0.398401328
17240400, 0.92264792, 0.369059168
17244000, 0.8680389, 0.34721556
17247600, 0.77593712, 0.310374848
17251200, 0.76289616, 0.305158464
17254800, 0.77675218, 0.310700872
17258400, 0.9169425, 0.366777
17262000, 1.06283824, 0.425135296
17265600, 1.11011172, 0.444044688
17269200, 1.10766654, 0.443066616
17272800, 1.0351262, 0.41405048
17276400, 0.8395118, 0.33580472
17280000, 0.65827632, 0.263310528
17283600, 0.57088728, 0.228354912
17287200, 0.54148536, 0.216594144
17290800, 0.52025064, 0.208100256
17294400, 0.52433424, 0.209733696
17298000, 0.54066864, 0.216267456
17301600, 0.65500944, 0.262003776
17305200, 0.79548528, 0.318194112
17308800, 0.86899008, 0.347596032
17312400, 0.91554312, 0.366217248
17316000, 0.90410904, 0.361643616
17319600, 0.91881, 0.367524
17323200, 1.00946592, 0.403786368
17326800, 0.9637296, 0.38549184
17330400, 0.8657232, 0.34628928
17334000, 0.79385184, 0.317540736
17337600, 0.80773608, 0.323094432
17341200, 0.82325376, 0.329301504
17344800, 0.88695792, 0.354783168
17348400, 1.05193536, 0.420774144
17352000, 1.05275208, 0.421100832
17355600, 1.06336944, 0.425347776
17359200, 1.0331508, 0.41326032
17362800, 0.85102224, 0.340408896
17366400, 0.69273792, 0.277095168
17370000, 0.60740064, 0.242960256
17373600, 0.5605488, 0.22421952
17377200, 0.543816, 0.2175264
17380800, 0.53293968, 0.213175872
17384400, 0.53879616, 0.215518464
17388000, 0.60489072, 0.241956288
17391600, 0.70528752, 0.282115008
17395200, 0.84751632, 0.339006528
17398800, 0.94456656, 0.377826624
17402400, 0.98388864, 0.393555456
17406000, 1.024884, 0.4099536
17409600, 1.09516176, 0.438064704
17413200, 1.003968, 0.4015872
17416800, 0.97133904, 0.388535616
17420400, 0.86843232, 0.347372928
17424000, 0.85086288, 0.340345152
17427600, 0.8450064, 0.33800256
17431200, 0.92950704, 0.371802816
17434800, 1.01986416, 0.407945664
17438400, 1.03408704, 0.413634816
17442000, 1.02404736, 0.409618944
17445600, 0.9746856, 0.38987424
17449200, 0.84835296, 0.339341184
17452800, 0.70344575, 0.2813783
17456400, 0.61583095, 0.24633238
17460000, 0.56865375, 0.2274615
17463600, 0.52484635, 0.20993854
17467200, 0.522319, 0.2089276
17470800, 0.5341133, 0.21364532
17474400, 0.57202355, 0.22880942
17478000, 0.63436485, 0.25374594
17481600, 0.79106055, 0.31642422
17485200, 0.960393, 0.3841572
17488800, 1.08760295, 0.43504118
17492400, 1.1305679, 0.45222716
17496000, 1.1726904, 0.46907616
17499600, 1.02189185, 0.40875674
17503200, 0.9637628, 0.38550512
17506800, 0.8694084, 0.34776336
17510400, 0.83823775, 0.3352951
17514000, 0.84666225, 0.3386649
17517600, 0.88204515, 0.35281806
17521200, 0.98313915, 0.39325566
17524800, 1.07075395, 0.42830158
17528400, 1.0867605, 0.4347042
17532000, 1.01178245, 0.40471298
17535600, 0.8441349, 0.33765396
17539200, 0.66589677, 0.266358708
17542800, 0.575435322, 0.2301741288
17546400, 0.538580658, 0.2154322632
17550000, 0.513452478, 0.2053809912
17553600, 0.515965296, 0.2063861184
17557200, 0.532717416, 0.2130869664
17560800, 0.659195922, 0.2636783688
17564400, 0.769759914, 0.3079039656
17568000, 0.934768296, 0.3739073184
17571600, 0.976648596, 0.3906594384
17575200, 0.985862262, 0.3943449048
17578800, 1.019366502, 0.4077466008
17582400, 1.074648498, 0.4298593992
17586000, 0.964922112, 0.3859688448
17589600, 0.881999118, 0.3527996472
17593200, 0.804939366, 0.3219757464
17596800, 0.814153032, 0.3256612128
17600400, 0.830905152, 0.3323620608
17604000, 0.906289692, 0.3625158768
17607600, 1.04281947, 0.417127788
17611200, 1.115691192, 0.4462764768
17614800, 1.104802314, 0.4419209256
17618400, 1.020204108, 0.4080816432
17622000, 0.848494878, 0.3393979512
17625600, 0.660154, 0.2640616
17629200, 0.5698, 0.22792
17632800, 0.534798, 0.2139192
17636400, 0.513634, 0.2054536
17640000, 0.528286, 0.2113144
17643600, 0.538054, 0.2152216
17647200, 0.652014, 0.2608056
17650800, 0.782254, 0.3129016
17654400, 0.889702, 0.3558808
17658000, 0.897842, 0.3591368
17661600, 0.892958, 0.3571832
17665200, 0.912494, 0.3649976
17668800, 1.055758, 0.4223032
17672400, 0.936914, 0.3747656
17676000, 0.87098, 0.348392
17679600, 0.807488, 0.3229952
17683200, 0.788766, 0.3155064
17686800, 0.78551, 0.314204
17690400, 0.8954, 0.35816
17694000, 1.030524, 0.4122096
17697600, 1.08669, 0.434676
17701200, 1.081806, 0.4327224
17704800, 1.00936, 0.403744
17708400, 0.81807, 0.327228
17712000, 0.661047772, 0.2644191088
17715600, 0.568808548, 0.2275234192
17719200, 0.542916836, 0.2171667344
17722800, 0.511361312, 0.2045445248
17726400, 0.515406892, 0.2061627568
17730000, 0.534825676, 0.2139302704
17733600, 0.657002192, 0.2628008768
17737200, 0.742768488, 0.2971073952
17740800, 0.823680088, 0.3294720352
17744400, 0.879509092, 0.3518036368
17748000, 0.891645832, 0.3566583328
17751600, 0.919964892, 0.3679859568
17755200, 1.00330384, 0.401321536
17758800, 0.917537544, 0.3670150176
17762400, 0.851190032, 0.3404760128
17766000, 0.779987824, 0.3119951296
17769600, 0.78079694, 0.312318776
17773200, 0.79293368, 0.317173472
17776800, 0.89811876, 0.359247504
17780400, 1.030813784, 0.4123255136
17784000, 1.119816544, 0.4479266176
17787600, 1.09635218, 0.438540872
17791200, 1.036477596, 0.4145910384
17794800, 0.827725668, 0.3310902672
17798400, 0.653982252, 0.2615929008
17802000, 0.56640969, 0.226563876
17805600, 0.536683224, 0.2146732896
17809200, 0.520614864, 0.2082459456
17812800, 0.523025118, 0.2092100472
17816400, 0.53427297, 0.213709188
17820000, 0.643537818, 0.2574151272
17823600, 0.782529132, 0.3130116528
17827200, 0.829930794, 0.3319723176
17830800, 0.854033334, 0.3416133336
17834400, 0.870101694, 0.3480406776
17838000, 0.909469176, 0.3637876704
17841600, 0.99623832, 0.398495328
17845200, 0.908665758, 0.3634663032
17848800, 0.866888022, 0.3467552088
17852400, 0.768067608, 0.3072270432
17856000, 0.756016338, 0.3024065352
17859600, 0.76726419, 0.306905676
17863200, 0.905452086, 0.3621808344
17866800, 1.04846049, 0.419384196
17870400, 1.09666557, 0.438666228
17874000, 1.089434808, 0.4357739232
17877600, 1.014716934, 0.4058867736
17881200, 0.821896614, 0.3287586456
17884800, 0.65185527, 0.260742108
17888400, 0.56045121, 0.224180484
17892000, 0.53399214, 0.213596856
17895600, 0.51074023, 0.204296092
17899200, 0.51955992, 0.207823968
17902800, 0.53078498, 0.212313992
17906400, 0.63982842, 0.255931368
17910000, 0.77132198, 0.308528792
17913600, 0.84508666, 0.338034664
17917200, 0.90522091, 0.362088364
17920800, 0.88437437, 0.353749748
17924400, 0.89640122, 0.358560488
17928000, 0.99742676, 0.398970704
17931600, 0.94049967, 0.376199868
17935200, 0.84107771, 0.336431084
17938800, 0.7777363, 0.31109452
17942400, 0.78815957, 0.315263828
17946000, 0.80259179, 0.321036716
17949600, 0.87876184, 0.351504736
17953200, 1.04072342, 0.416289368
17956800, 1.04393058, 0.417572232
17960400, 1.05355206, 0.421420824
17964000, 1.01346256, 0.405385024
17967600, 0.83065444, 0.332261776
17971200, 0.676434, 0.2705736
17974800, 0.59422, 0.237688
17978400, 0.550264, 0.2201056
17982000, 0.531542, 0.2126168
17985600, 0.521774, 0.2087096
17989200, 0.523402, 0.2093608
17992800, 0.591778, 0.2367112
17996400, 0.67969, 0.271876
18000000, 0.817256, 0.3269024
18003600, 0.923076, 0.3692304
18007200, 0.955636, 0.3822544
18010800, 0.986568, 0.3946272
18014400, 1.061456, 0.4245824
18018000, 0.971102, 0.3884408
18021600, 0.938542, 0.3754168
18025200, 0.836792, 0.3347168
18028800, 0.837606, 0.3350424
18032400, 0.829466, 0.3317864
18036000, 0.90354, 0.361416
18039600, 0.996336, 0.3985344
18043200, 1.01343, 0.405372
18046800, 1.00529, 0.402116
18050400, 0.94831, 0.379324
18054000, 0.81807, 0.327228
18057600, 0.68390652, 0.273562608
18061200, 0.5971911, 0.23887644
18064800, 0.55383339, 0.221533356
18068400, 0.51374796, 0.205499184
18072000, 0.50965761, 0.203863044
18075600, 0.51865638, 0.207462552
18079200, 0.55874181, 0.223496724
18082800, 0.61846092, 0.247384368
18086400, 0.75671475, 0.3026859
18090000, 0.93178173, 0.372712692
18093600, 1.05040188, 0.420160752
18097200, 1.09948608, 0.439794432
18100800, 1.13957151, 0.455828604
18104400, 0.99968154, 0.399872616
18108000, 0.93914436, 0.375657744
18111600, 0.84588438, 0.338353752
18115200, 0.81479772, 0.325919088
18118800, 0.82706877, 0.330827508
18122400, 0.86388192, 0.345552768
18126000, 0.95059734, 0.380238936
18129600, 1.03240434, 0.412961736
18133200, 1.05367416, 0.421469664
18136800, 0.97595751, 0.390383004
18140400, 0.81643386, 0.326573544
18144000, 0.653657088, 0.2614628352
18147600, 0.564409344, 0.2257637376
18151200, 0.532180992, 0.2128723968
18154800, 0.506563584, 0.2026254336
18158400, 0.509869056, 0.2039476224
18162000, 0.52474368, 0.209897472
18165600, 0.642914304, 0.2571657216
18169200, 0.746210304, 0.2984841216
18172800, 0.907352064, 0.3629408256
18176400, 0.961892352, 0.3847569408
18180000, 0.97924608, 0.391698432
18183600, 1.006516224, 0.4026064896
18187200, 1.07014656, 0.428058624
18190800, 0.951149568, 0.3804598272
18194400, 0.876776448, 0.3507105792
18198000, 0.790834176, 0.3163336704
18201600, 0.799097856, 0.3196391424
18205200, 0.809014272, 0.3236057088
18208800, 0.904046592, 0.3616186368
18212400, 1.040397312, 0.4161589248
18216000, 1.100722176, 0.4402888704
18219600, 1.108159488, 0.4432637952
18223200, 1.001558016, 0.4006232064
18226800, 0.828847104, 0.3315388416
18230400, 0.650751888, 0.2603007552
18234000, 0.55974327, 0.223897308
18237600, 0.52752783, 0.211011132
18241200, 0.504977022, 0.2019908088
18244800, 0.517863198, 0.2071452792
18248400, 0.533970918, 0.2135883672
18252000, 0.642698028, 0.2570792112
18255600, 0.768338244, 0.3073352976
18259200, 0.87384381, 0.349537524
18262800, 0.896394618, 0.3585578472
18266400, 0.89800539, 0.359202156
18270000, 0.903643092, 0.3614572368
18273600, 1.05505566, 0.422022264
18277200, 0.931831602, 0.3727326408
18280800, 0.871427652, 0.3485710608
18284400, 0.79330521, 0.317322084
18288000, 0.769949016, 0.3079796064
18291600, 0.774781332, 0.3099125328
18295200, 0.879481512, 0.3517926048
18298800, 1.025256378, 0.4101025512
18302400, 1.092103416, 0.4368413664
18306000, 1.082438784, 0.4329755136
18309600, 0.99465171, 0.397860684
18313200, 0.803775228, 0.3215100912
18316800, 0.65361351, 0.261445404
18320400, 0.56368143, 0.225472572
18324000, 0.533971725, 0.21358869
18327600, 0.508276845, 0.203310738
18331200, 0.509882775, 0.20395311
18334800, 0.53156283, 0.212625132
18338400, 0.647992755, 0.259197102
18342000, 0.734712975, 0.29388519
18345600, 0.80778279, 0.323113116
18349200, 0.869611095, 0.347844438
18352800, 0.88647336, 0.354589344
18356400, 0.914577135, 0.365830854
18360000, 0.99728253, 0.398913012
18363600, 0.903335625, 0.36133425
18367200, 0.837492495, 0.334996998
18370800, 0.78529977, 0.314119908
18374400, 0.7708464, 0.30833856
18378000, 0.78851163, 0.315404652
18381600, 0.89289708, 0.357158832
18385200, 1.03261299, 0.413045196
18388800, 1.1080917, 0.44323668
18392400, 1.11772728, 0.447090912
18396000, 1.031810025, 0.41272401
18399600, 0.816615405, 0.326646162
18403200, 0.644883384, 0.2579533536
18406800, 0.556291731, 0.2225166924
18410400, 0.533146164, 0.2132584656
18414000, 0.515587458, 0.2062349832
18417600, 0.521174319, 0.2084697276
18421200, 0.528357426, 0.2113429704
18424800, 0.639296523, 0.2557186092
18428400, 0.764601834, 0.3058407336
18432000, 0.814883583, 0.3259534332
18435600, 0.850799118, 0.3403196472
18439200, 0.86995407, 0.347981628
18442800, 0.907465851, 0.3629863404
18446400, 0.996057504, 0.3984230016
18450000, 0.902677113, 0.3610708452
18453600, 0.868357824, 0.3473431296
18457200, 0.767794326, 0.3071177304
18460800, 0.754226235, 0.301690494
18464400, 0.761409342, 0.3045637368
18468000, 0.899484621, 0.3597938484
18471600, 1.038358023, 0.4153432092
18475200, 1.086245403, 0.4344981612
18478800, 1.091832264, 0.4367329056
18482400, 1.008827472, 0.4035309888
18486000, 0.819672321, 0.3278689284
18489600, 0.644416938, 0.2577667752
18493200, 0.5541669, 0.22166676
18496800, 0.531208557, 0.2124834228
18500400, 0.509041881, 0.2036167524
18504000, 0.515375217, 0.2061500868
18507600, 0.52250022, 0.209000088
18511200, 0.628583598, 0.2514334392
18514800, 0.749708649, 0.2998834596
18518400, 0.822542013, 0.3290168052
18522000, 0.888250374, 0.3553001496
18525600, 0.875583702, 0.3502334808
18529200, 0.883500372, 0.3534001488
18532800, 0.995917086, 0.3983668344
18536400, 0.932583726, 0.3730334904
18540000, 0.836792019, 0.3347168076
18543600, 0.765541989, 0.3062167956
18547200, 0.771083658, 0.3084334632
18550800, 0.787708665, 0.315083466
18554400, 0.877167036, 0.3508668144
18558000, 1.016500428, 0.4066001712
18561600, 1.033125435, 0.413250174
18565200, 1.048958775, 0.41958351
18568800, 1.002250422, 0.4009001688
18572400, 0.824917014, 0.3299668056
18576000, 0.672348015, 0.268939206
18579600, 0.594488655, 0.237795462
18583200, 0.550692765, 0.220277106
18586800, 0.52879482, 0.211517928
18590400, 0.519873435, 0.207949374
18594000, 0.521495505, 0.208598202
18597600, 0.594488655, 0.237795462
18601200, 0.673970085, 0.269588034
18604800, 0.81265707, 0.325062828
18608400, 0.91809162, 0.367236648
18612000, 0.94891095, 0.37956438
18615600, 0.97648614, 0.390594456
18619200, 1.05110136, 0.420440544
18622800, 0.96999786, 0.387999144
18626400, 0.93431232, 0.373724928
18630000, 0.834555015, 0.333822006
18633600, 0.850775715, 0.340310286
18637200, 0.83049984, 0.332199936
18640800, 0.90024885, 0.36009954
18644400, 0.982163385, 0.392865354
18648000, 1.012982715, 0.405193086
18651600, 1.01379375, 0.4055175
18655200, 0.939989565, 0.375995826
18658800, 0.811035, 0.324414
18662400, 0.684929952, 0.2739719808
18666000, 0.592195968, 0.2368783872
18669600, 0.558030816, 0.2232123264
18673200, 0.51247728, 0.204990912
18676800, 0.510850368, 0.2043401472
18680400, 0.514917648, 0.2059670592
18684000, 0.558844272, 0.2235377088
18687600, 0.614972736, 0.2459890944
18691200, 0.750006432, 0.3000025728
18694800, 0.921645648, 0.3686582592
18698400, 1.039596768, 0.4158387072
18702000, 1.091657952, 0.4366631808
18705600, 1.133957664, 0.4535830656
18709200, 0.994856688, 0.3979426752
18712800, 0.925712928, 0.3702851712
18716400, 0.832978944, 0.3331915776
18720000, 0.818336736, 0.3273346944
18723600, 0.82159056, 0.328636224
18727200, 0.861449904, 0.3445799616
18730800, 0.948489696, 0.3793958784
18734400, 1.02495456, 0.409981824
18738000, 1.064000448, 0.4256001792
18741600, 0.972893376, 0.3891573504
18745200, 0.804507984, 0.3218031936
18748800, 0.644684616, 0.2578738464
18752400, 0.559056008, 0.2236224032
18756000, 0.52694528, 0.210778112
18759600, 0.507184832, 0.2028739328
18763200, 0.509654888, 0.2038619552
18766800, 0.526121928, 0.2104487712
18770400, 0.638921152, 0.2555684608
18774000, 0.731959928, 0.2927839712
18777600, 0.887573456, 0.3550293824
18781200, 0.950148208, 0.3800592832
18784800, 0.96332184, 0.385328736
18788400, 1.001196032, 0.4004784128
18792000, 1.064594136, 0.4258376544
18795600, 0.95508832, 0.382035328
18799200, 0.876046528, 0.3504186112
18802800, 0.796181384, 0.3184725536
18806400, 0.792887976, 0.3171551904
18810000, 0.805238256, 0.3220953024
18813600, 0.9056872, 0.36227488
18817200, 1.044010336, 0.4176041344
18820800, 1.106585088, 0.4426340352
18824400, 1.113171904, 0.4452687616
18828000, 1.00448944, 0.401795776
18831600, 0.821705296, 0.3286821184
18835200, 0.64959968, 0.259839872
18838800, 0.56116408, 0.224465632
18842400, 0.52820172, 0.211280688
18846000, 0.50729876, 0.202919504
18849600, 0.5185542, 0.20742168
18853200, 0.53302548, 0.213210192
18856800, 0.6351284, 0.25405136
18860400, 0.7597422, 0.30389688
18864000, 0.86264908, 0.345059632
18867600, 0.90284708, 0.361138832
18871200, 0.89561144, 0.358244576
18874800, 0.90123916, 0.360495664
18878400, 1.04193216, 0.416772864
18882000, 0.92696588, 0.370786352
18885600, 0.86747284, 0.346989136
18889200, 0.7959204, 0.31836816
18892800, 0.7677818, 0.30711272
18896400, 0.77340952, 0.309363808
18900000, 0.87068868, 0.348275472
18903600, 1.04193216, 0.416772864
18907200, 1.0933856, 0.43735424
18910800, 1.09660144, 0.438640576
18914400, 0.9888708, 0.39554832
18918000, 0.79270456, 0.317081824
18921600, 0.65442344, 0.261769376
18925200, 0.56518388, 0.226073552
18928800, 0.5346334, 0.21385336
18932400, 0.50729876, 0.202919504
18936000, 0.51131856, 0.204527424
18939600, 0.5346334, 0.21385336
18943200, 0.65361948, 0.261447792
18946800, 0.7396432, 0.29585728
18950400, 0.79350852, 0.317403408
18954000, 0.87068868, 0.348275472
18957600, 0.89721936, 0.358887744
18961200, 0.9205342, 0.36821368
18964800, 1.01057772, 0.404231088
18968400, 0.904455, 0.361782
18972000, 0.83772632, 0.335090528
18975600, 0.783861, 0.3135444
18979200, 0.76536992, 0.306147968
18982800, 0.78948872, 0.315795488
18986400, 0.89400352, 0.357601408
18990000, 1.02987276, 0.411949104
18993600, 1.1215242, 0.44860968
18997200, 1.12875984, 0.451503936
19000800, 1.0290688, 0.41162752
19004400, 0.80235208, 0.320940832
19008000, 0.64153584, 0.256614336
19011600, 0.54954504, 0.219818016
19015200, 0.5359464, 0.21437856
19018800, 0.52234776, 0.208939104
19022400, 0.51754824, 0.207019296
19026000, 0.52954704, 0.211818816
19029600, 0.64153584, 0.256614336
19033200, 0.76712328, 0.306849312
19036800, 0.81111888, 0.324447552
19040400, 0.84311568, 0.337246272
19044000, 0.86711328, 0.346845312
19047600, 0.90550944, 0.362203776
19051200, 1.01269872, 0.405079488
19054800, 0.90870912, 0.363483648
19058400, 0.8719128, 0.34876512
19062000, 0.76232376, 0.304929504
19065600, 0.75752424, 0.303009696
19069200, 0.7639236, 0.30556944
19072800, 0.90630936, 0.362523744
19076400, 1.0558944, 0.42235776
19080000, 1.10148984, 0.440595936
19083600, 1.11668832, 0.446675328
19087200, 1.01349864, 0.405399456
19090800, 0.81351864, 0.325407456
19094400, 0.646839552, 0.2587358208
19098000, 0.559472128, 0.2237888512
19101600, 0.539433728, 0.2157734912
19105200, 0.514586112, 0.2058344448
19108800, 0.522601472, 0.2090405888
19112400, 0.529815296, 0.2119261184
19116000, 0.63321344, 0.253285376
19119600, 0.763863808, 0.3055455232
19123200, 0.819971328, 0.3279885312
19126800, 0.899323392, 0.3597293568
19130400, 0.884094208, 0.3536376832
19134000, 0.88970496, 0.355881984
19137600, 1.020355328, 0.4081421312
19141200, 0.940201728, 0.3760806912
19144800, 0.84962816, 0.339851264
19148400, 0.787108352, 0.3148433408
19152000, 0.776688384, 0.3106753536
19155600, 0.799932928, 0.3199731712
19159200, 0.880888064, 0.3523552256
19162800, 1.0219584, 0.40878336
19166400, 1.060432128, 0.4241728512
19170000, 1.072455168, 0.4289820672
19173600, 1.008332288, 0.4033329152
19177200, 0.832795904, 0.3331183616
19180800, 0.663511824, 0.2654047296
19184400, 0.587635776, 0.2350543104
19188000, 0.544047408, 0.2176189632
19191600, 0.52063884, 0.208255536
19195200, 0.510145344, 0.2040581376
19198800, 0.515795688, 0.2063182752
19202400, 0.586828584, 0.2347314336
19206000, 0.660283056, 0.2641132224
19209600, 0.805577616, 0.3222310464
19213200, 0.905669424, 0.3622677696
19216800, 0.947643408, 0.3790573632
19220400, 0.977509512, 0.3910038048
19224000, 1.047735216, 0.4190940864
19227600, 0.963787248, 0.3855148992
19231200, 0.925849224, 0.3703396896
19234800, 0.845937216, 0.3383748864
19238400, 0.849973176, 0.3399892704
19242000, 0.828986184, 0.3315944736
19245600, 0.897597504, 0.3590390016
19249200, 0.979123896, 0.3916495584
19252800, 1.022712264, 0.4090849056
19256400, 1.024326648, 0.4097306592
19260000, 0.937957104, 0.3751828416
19263600, 0.808806384, 0.3235225536
19267200, 0.68795544, 0.275182176
19270800, 0.5834972, 0.23339888
19274400, 0.55656656, 0.222626624
19278000, 0.51086608, 0.204346432
19281600, 0.51005, 0.20402
19285200, 0.51086608, 0.204346432
19288800, 0.55738264, 0.222953056
19292400, 0.61287608, 0.245150432
19296000, 0.7426328, 0.29705312
19299600, 0.92380256, 0.369521024
19303200, 1.06008792, 0.424035168
19306800, 1.10823664, 0.443294656
19310400, 1.1384316, 0.45537264
19314000, 1.00133016, 0.400532064
19317600, 0.9262508, 0.37050032
19321200, 0.8242408, 0.32969632
19324800, 0.8119996, 0.32479984
19328400, 0.81689608, 0.326758432
19332000, 0.8650448, 0.34601792
19335600, 0.96052616, 0.384210464
19339200, 1.04295024, 0.417180096
19342800, 1.09028288, 0.436113152
19346400, 0.97684776, 0.390739104
19350000, 0.7997584, 0.31990336
19353600, 0.638458656, 0.2553834624
19357200, 0.553714788, 0.2214859152
19360800, 0.523272816, 0.2093091264
19364400, 0.500235648, 0.2000942592
19368000, 0.509285964, 0.2037143856
19371600, 0.521627304, 0.2086509216
19375200, 0.635990388, 0.2543961552
19378800, 0.73636662, 0.294546648
19382400, 0.894335772, 0.3577343088
19386000, 0.956042472, 0.3824169888
19389600, 0.960156252, 0.3840625008
19393200, 1.021862952, 0.4087451808
19396800, 1.060532484, 0.4242129936
19400400, 0.947814912, 0.3791259648
19404000, 0.861425532, 0.3445702128
19407600, 0.790668516, 0.3162674064
19411200, 0.783263712, 0.3133054848
19414800, 0.798896076, 0.3195584304
19418400, 0.901740576, 0.3606962304
19422000, 1.052304924, 0.4209219696
19425600, 1.13540328, 0.454161312
19429200, 1.120593672, 0.4482374688
19432800, 1.000471296, 0.4001885184
19436400, 0.815351196, 0.3261404784
19440000, 0.647769132, 0.2591076528
19443600, 0.557532636, 0.2230130544
19447200, 0.52369395, 0.20947758
19450800, 0.505163241, 0.2020652964
19454400, 0.514025754, 0.2056103016
19458000, 0.53175078, 0.212700312
19461600, 0.635683887, 0.2542735548
19465200, 0.774261363, 0.3097045452
19468800, 0.857246712, 0.3428986848
19472400, 0.906393375, 0.36255735
19476000, 0.892696764, 0.3570787056
19479600, 0.899142228, 0.3596568912
19483200, 1.03933107, 0.415732428
19486800, 0.916061571, 0.3664246284
19490400, 0.871749006, 0.3486996024
19494000, 0.793597755, 0.317439102
19497600, 0.767010216, 0.3068040864
19501200, 0.771844314, 0.3087377256
19504800, 0.879000153, 0.3516000612
19508400, 1.053027681, 0.4212110724
19512000, 1.112648223, 0.4450592892
19515600, 1.114259589, 0.4457038356
19519200, 0.99099009, 0.396396036
19522800, 0.796014804, 0.3184059216
19526400, 0.64711548, 0.258846192
19530000, 0.56582361, 0.226329444
19533600, 0.52477524, 0.209910096
19537200, 0.50465349, 0.201861396
19540800, 0.50787297, 0.203149188
19544400, 0.52879959, 0.211519836
19548000, 0.6519447, 0.26077788
19551600, 0.74369988, 0.297479952
19555200, 0.78635799, 0.314543196
19558800, 0.87569856, 0.350279424
19562400, 0.88938135, 0.35575254
19566000, 0.91513719, 0.366054876
19569600, 1.01011185, 0.40404474
19573200, 0.90064953, 0.360259812
19576800, 0.83867454, 0.335469816
19580400, 0.78635799, 0.314543196
19584000, 0.76301676, 0.305206704
19587600, 0.78957747, 0.315830988
19591200, 0.89823492, 0.359293968
19594800, 1.03989204, 0.415956816
19598400, 1.15015923, 0.460063692
19602000, 1.15659819, 0.462639276
19605600, 1.02781899, 0.411127596
19609200, 0.7968213, 0.31872852
19612800, 0.63745704, 0.254982816
19616400, 0.55294569, 0.221178276
19620000, 0.53523855, 0.21409542
19623600, 0.52397037, 0.209588148
19627200, 0.5151168, 0.20604672
19630800, 0.53282394, 0.213129576
19634400, 0.643896, 0.2575584
19638000, 0.78716286, 0.314865144
19641600, 0.83304045, 0.33321618
19645200, 0.83465019, 0.333860076
19648800, 0.8692596, 0.34770384
19652400, 0.91996641, 0.367986564
19656000, 1.01574594, 0.406298376
19659600, 0.90789336, 0.363157344
19663200, 0.87811317, 0.351245268
19666800, 0.76301676, 0.305206704
19670400, 0.76140702, 0.304562808
19674000, 0.77106546, 0.308426184
19677600, 0.90869823, 0.363479292
19681200, 1.06484301, 0.425937204
19684800, 1.13325696, 0.453302784
19688400, 1.1348667, 0.45394668
19692000, 1.01896542, 0.407586168
19695600, 0.80406513, 0.321626052
19699200, 0.650880483, 0.2603521932
19702800, 0.562529334, 0.2250117336
19706400, 0.542265309, 0.2169061236
19710000, 0.517137918, 0.2068551672
19713600, 0.528485772, 0.2113943088
19717200, 0.530106894, 0.2120427576
19720800, 0.643585434, 0.2574341736
19724400, 0.790296975, 0.31611879
19728000, 0.843794001, 0.3375176004
19731600, 0.908638881, 0.3634555524
19735200, 0.884322051, 0.3537288204
19738800, 0.89972271, 0.359889084
19742400, 1.027791348, 0.4111165392
19746000, 0.94835637, 0.379342548
19749600, 0.854331294, 0.3417325176
19753200, 0.792728658, 0.3170914632
19756800, 0.779759682, 0.3119038728
19760400, 0.804887073, 0.3219548292
19764000, 0.888374856, 0.3553499424
19767600, 1.033465275, 0.41338611
19771200, 1.08615174, 0.434460696
19774800, 1.109658009, 0.4438632036
19778400, 1.012390689, 0.4049562756
19782000, 0.833256708, 0.3333026832
19785600, 0.664777092, 0.2659108368
19789200, 0.587820138, 0.2351280552
19792800, 0.544429515, 0.217771806
19796400, 0.523143549, 0.2092574196
19800000, 0.514956639, 0.2059826556
19803600, 0.523143549, 0.2092574196
19807200, 0.592732284, 0.2370929136
19810800, 0.670507929, 0.2682031716
19814400, 0.827696601, 0.3310786404
19818000, 0.927576903, 0.3710307612
19821600, 0.959505852, 0.3838023408
19825200, 0.99061611, 0.396246444
19828800, 1.0642983, 0.42571932
19832400, 0.976698363, 0.3906793452
19836000, 0.940675959, 0.3762703836
19839600, 0.863719005, 0.345487602
19843200, 0.857169477, 0.3428677908
19846800, 0.844889112, 0.3379556448
19850400, 0.909565701, 0.3638262804
19854000, 0.992253492, 0.3969013968
19857600, 1.042193643, 0.4168774572
19861200, 1.052836626, 0.4211346504
19864800, 0.953775015, 0.381510006
19868400, 0.816234927, 0.3264939708
19872000, 0.693445098, 0.2773780392
19875600, 0.588851835, 0.235540734
19879200, 0.557556213, 0.2230224852
19882800, 0.514730625, 0.20589225
19886400, 0.512259918, 0.2049039672
19890000, 0.516377763, 0.2065511052
19893600, 0.561674058, 0.2246696232
19897200, 0.615206043, 0.2460824172
19900800, 0.744506376, 0.2978025504
19904400, 0.939692229, 0.3758768916
19908000, 1.073110407, 0.4292441628
19911600, 1.12828953, 0.451315812
19915200, 1.153820169, 0.4615280676
19918800, 1.007224887, 0.4028899548
19922400, 0.928985832, 0.3715943328
19926000, 0.823569, 0.3294276
19929600, 0.809568327, 0.3238273308
19933200, 0.816156879, 0.3264627516
19936800, 0.86474745, 0.34589898
19940400, 0.977576403, 0.3910305612
19944000, 1.068992562, 0.4275970248
19947600, 1.119230271, 0.4476921084
19951200, 0.980870679, 0.3923482716
19954800, 0.797214792, 0.3188859168
19958400, 0.64145928, 0.256583712
19962000, 0.55815288, 0.223261152
19965600, 0.527329512, 0.2109318048
19969200, 0.502337592, 0.2009350368
19972800, 0.514000488, 0.2056001952
19976400, 0.528162576, 0.2112650304
19980000, 0.646457664, 0.2585830656
19983600, 0.76225356, 0.304901424
19987200, 0.903041376, 0.3612165504
19990800, 0.965521176, 0.3862084704
19994400, 0.964688112, 0.3858752448
19998000, 1.02466872, 0.409867488
20001600, 1.056325152, 0.4225300608
20005200, 0.950526024, 0.3802104096
20008800, 0.875550264, 0.3502201056
20012400, 0.794743056, 0.3178972224
20016000, 0.788911608, 0.3155646432
20019600, 0.800574504, 0.3202298016
20023200, 0.908872824, 0.3635491296
20026800, 1.068821112, 0.4275284448
20030400, 1.181284752, 0.4725139008
20034000, 1.154626704, 0.4618506816
20037600, 1.013838888, 0.4055355552
20041200, 0.817235784, 0.3268943136
20044800, 0.641684232, 0.2566736928
20048400, 0.561982008, 0.2247928032
20052000, 0.52457076, 0.209828304
20055600, 0.508305, 0.203322
20059200, 0.51237144, 0.204948576
20062800, 0.538396656, 0.2153586624
20066400, 0.640870944, 0.2563483776
20070000, 0.799462104, 0.3197848416
20073600, 0.869404872, 0.3477619488
20077200, 0.905189544, 0.3620758176
20080800, 0.892176936, 0.3568707744
20084400, 0.89868324, 0.359473296
20088000, 1.039382064, 0.4157528256
20091600, 0.91901544, 0.367606176
20095200, 0.883230768, 0.3532923072
20098800, 0.790515936, 0.3162063744
20102400, 0.769370448, 0.3077481792
20106000, 0.775876752, 0.3103507008
20109600, 0.88241748, 0.352966992
20113200, 1.071100296, 0.4284401184
20116800, 1.155682248, 0.4622728992
20120400, 1.145109504, 0.4580438016
20124000, 1.010916984, 0.4043667936
20127600, 0.79702224, 0.318808896
20131200, 0.646220352, 0.2584881408
20134800, 0.568382016, 0.2273528064
20138400, 0.524597952, 0.2098391808
20142000, 0.507570816, 0.2030283264
20145600, 0.515678976, 0.2062715904
20149200, 0.527841216, 0.2111364864
20152800, 0.651896064, 0.2607584256
20156400, 0.771896832, 0.3087587328
20160000, 0.812437632, 0.3249750528
20163600, 0.888654336, 0.3554617344
20167200, 0.88378944, 0.353515776
20170800, 0.92027616, 0.368110464
20174400, 1.018384896, 0.4073539584
20178000, 0.897573312, 0.3590293248
20181600, 0.840816192, 0.3363264768
20185200, 0.796221312, 0.3184885248
20188800, 0.771896832, 0.3087587328
20192400, 0.785680704, 0.3142722816
20196000, 0.900816576, 0.3603266304
20199600, 1.04595264, 0.418381056
20203200, 1.176494016, 0.4705976064
20206800, 1.19189952, 0.476759808
20210400, 1.024060608, 0.4096242432
20214000, 0.7905456, 0.31621824
20217600, 0.633379136, 0.2533516544
20221200, 0.559294944, 0.2237179776
20224800, 0.536499808, 0.2145999232
20228400, 0.525916352, 0.2103665408
20232000, 0.52103168, 0.208412672
20235600, 0.538942144, 0.2155768576
20239200, 0.654546048, 0.2618184192
20242800, 0.825509568, 0.3302038272
20246400, 0.8548176, 0.34192704
20250000, 0.84260592, 0.337042368
20253600, 0.873542176, 0.3494168704
20257200, 0.919132448, 0.3676529792
20260800, 1.014383552, 0.4057534208
20264400, 0.905292544, 0.3621170176
20268000, 0.873542176, 0.3494168704
20271600, 0.762008832, 0.3048035328
20275200, 0.767707616, 0.3070830464
20278800, 0.774220512, 0.3096882048
20282400, 0.91994656, 0.367978624
20286000, 1.094166528, 0.4376666112
20289600, 1.16418016, 0.465672064
20293200, 1.169878944, 0.4679515776
20296800, 1.029037568, 0.4116150272
20300400, 0.807599104, 0.3230396416
20304000, 0.650650176, 0.2602600704
20307600, 0.556995984, 0.2227983936
20311200, 0.541386952, 0.2165547808
20314800, 0.519205696, 0.2076822784
20318400, 0.530707088, 0.2122828352
20322000, 0.536457784, 0.2145831136
20325600, 0.647364064, 0.2589456256
20329200, 0.819063416, 0.3276253664
20332800, 0.865068984, 0.3460275936
20336400, 0.905323856, 0.3621295424
20340000, 0.879856488, 0.3519425952
20343600, 0.921754416, 0.3687017664
20347200, 1.054020424, 0.4216081696
20350800, 0.957901648, 0.3831606592
20354400, 0.874105792, 0.3496423168
20358000, 0.797703688, 0.3190814752
20361600, 0.7804516, 0.31218064
20365200, 0.807562024, 0.3230248096
20368800, 0.902859272, 0.3611437088
20372400, 1.054020424, 0.4216081696
20376000, 1.141102392, 0.4564409568
20379600, 1.152603784, 0.4610415136
20383200, 1.012122496, 0.4048489984
20386800, 0.828100224, 0.3312400896
20390400, 0.665964216, 0.2663856864
20394000, 0.593631024, 0.2374524096
20397600, 0.54873456, 0.219493824
20401200, 0.527117744, 0.2108470976
20404800, 0.519635, 0.207854
20408400, 0.530443408, 0.2121773632
20412000, 0.604439432, 0.2417757728
20415600, 0.687581032, 0.2750324128
20419200, 0.861346976, 0.3445387904
20422800, 0.952802736, 0.3811210944
20426400, 0.980239464, 0.3920957856
20430000, 1.005181944, 0.4020727776
20433600, 1.085829296, 0.4343317184
20437200, 0.98938504, 0.395754016
20440800, 0.937837248, 0.3751348992
20444400, 0.871323968, 0.3485295872
20448000, 0.865504056, 0.3462016224
20451600, 0.853032816, 0.3412131264
20455200, 0.925366008, 0.3701464032
20458800, 1.011833272, 0.4047333088
20462400, 1.08499788, 0.433999152
20466000, 1.071695224, 0.4286780896
20469600, 0.966936808, 0.3867747232
20473200, 0.828921752, 0.3315687008
20476800, 0.701177856, 0.2804711424
20480400, 0.595705856, 0.2382823424
20484000, 0.56111104, 0.224444416
20487600, 0.524828672, 0.2099314688
20491200, 0.51892224, 0.207568896
20494800, 0.524828672, 0.2099314688
20498400, 0.567017472, 0.2268069888
20502000, 0.629456896, 0.2517827584
20505600, 0.766992384, 0.3067969536
20509200, 0.9703424, 0.38813696
20512800, 1.10956544, 0.443826176
20516400, 1.166098432, 0.4664393728
20520000, 1.190567936, 0.4762271744
20523600, 1.026875392, 0.4107501568
20527200, 0.951779328, 0.3807117312
20530800, 0.841244672, 0.3364978688
20534400, 0.820150272, 0.3280601088
20538000, 0.826056704, 0.3304226816
20541600, 0.891871232, 0.3567484928
20545200, 1.014218752, 0.4056875008
20548800, 1.127284736, 0.4509138944
20552400, 1.158504448, 0.4634017792
20556000, 1.002405888, 0.4009623552
20559600, 0.806649856, 0.3226599424
20563200, 0.633577125, 0.25343085
20566800, 0.554694675, 0.22187787
20570400, 0.5270019, 0.21080076
20574000, 0.502665825, 0.20106633
20577600, 0.514414275, 0.20576571
20581200, 0.5337153, 0.21348612
20584800, 0.65287815, 0.26115126
20588400, 0.784628625, 0.31385145
20592000, 0.91805745, 0.36722298
20595600, 0.970925475, 0.38837019
20599200, 0.970925475, 0.38837019
20602800, 1.017919275, 0.40716771
20606400, 1.064913075, 0.42596523
20610000, 0.9533028, 0.38132112
20613600, 0.875259525, 0.35010381
20617200, 0.787985325, 0.31519413
20620800, 0.7921812, 0.31687248
20624400, 0.805608, 0.3222432
20628000, 0.91805745, 0.36722298
20631600, 1.098480075, 0.43939203
20635200, 1.214286225, 0.48571449
20638800, 1.179040875, 0.47161635
20642400, 1.02211515, 0.40884606
20646000, 0.809803875, 0.32392155
20649600, 0.63793666, 0.255174664
20653200, 0.55839957, 0.223359828
20656800, 0.5247808, 0.20991232
20660400, 0.50428155, 0.20171262
20664000, 0.51166128, 0.204664512
20667600, 0.53708035, 0.21483214
20671200, 0.64613636, 0.258454544
20674800, 0.82242991, 0.328971964
20678400, 0.87244808, 0.348979232
20682000, 0.90934673, 0.363738692
20685600, 0.89212736, 0.356850944
20689200, 0.89950709, 0.359802836
20692800, 1.04464178, 0.417856712
20696400, 0.9183664, 0.36734656
20700000, 0.88228772, 0.352915088
20703600, 0.7871712, 0.31486848
20707200, 0.76913186, 0.307652744
20710800, 0.7789715, 0.3115886
20714400, 0.901967, 0.3607868
20718000, 1.10449959, 0.441799836
20721600, 1.21519554, 0.486078216
20725200, 1.18321671, 0.473286684
20728800, 1.02332256, 0.409329024
20732400, 0.78553126, 0.314212504
20736000, 0.64334412, 0.257337648
20739600, 0.56775324, 0.227101296
20743200, 0.5217414, 0.20869656
20746800, 0.50777352, 0.203109408
20750400, 0.51434664, 0.205738656
20754000, 0.52667124, 0.210668496
20757600, 0.65649036, 0.262596144
20761200, 0.7969908, 0.31879632
20764800, 0.83560788, 0.334243152
20768400, 0.89394432, 0.357577728
20772000, 0.88654956, 0.354619824
20775600, 0.93749124, 0.374996496
20779200, 1.03197984, 0.412791936
20782800, 0.90544728, 0.362178912
20786400, 0.85204068, 0.340816272
20790000, 0.80027736, 0.320110944
20793600, 0.78137964, 0.312551856
20797200, 0.7928826, 0.31715304
20800800, 0.9120204, 0.36480816
20804400, 1.08374316, 0.433497264
20808000, 1.21931376, 0.487725504
20811600, 1.22342196, 0.489368784
20815200, 1.02869328, 0.411477312
20818800, 0.7846662, 0.31386648
20822400, 0.6339487, 0.25357948
20826000, 0.55820418, 0.223281672
20829600, 0.5351515, 0.2140606
20833200, 0.52362516, 0.209450064
20836800, 0.51950861, 0.207803444
20840400, 0.54420791, 0.217683164
20844000, 0.66111793, 0.264447172
20847600, 0.85459578, 0.341838312
20851200, 0.87929508, 0.351718032
20854800, 0.8562424, 0.34249696
20858400, 0.87517853, 0.350071412
20862000, 0.92046058, 0.368184232
20865600, 1.02255102, 0.409020408
20869200, 0.90893424, 0.363573696
20872800, 0.87188529, 0.348754116
20876400, 0.75826851, 0.303307404
20880000, 0.77473471, 0.309893884
20883600, 0.77967457, 0.311869828
20887200, 0.92951699, 0.371806796
20890800, 1.13122794, 0.452491176
20894400, 1.21685218, 0.486740872
20898000, 1.20120929, 0.480483716
20901600, 1.03407736, 0.413630944
20905200, 0.80190394, 0.320761576
20908800, 0.644253435, 0.257701374
20912400, 0.558021315, 0.223208526
20916000, 0.53563413, 0.214253652
20919600, 0.516563565, 0.206625426
20923200, 0.52900089, 0.211600356
20926800, 0.53563413, 0.214253652
20930400, 0.650886675, 0.26035467
20934000, 0.846567255, 0.338626902
20937600, 0.88719585, 0.35487834
20941200, 0.92367867, 0.369471468
20944800, 0.878075145, 0.351230058
20948400, 0.917874585, 0.367149834
20952000, 1.055514315, 0.422205726
20955600, 0.95850318, 0.383401272
20959200, 0.88056261, 0.352225044
20962800, 0.79433049, 0.317732196
20966400, 0.785209785, 0.314083914
20970000, 0.81091359, 0.324365436
20973600, 0.917874585, 0.367149834
20977200, 1.06629333, 0.426517332
20980800, 1.189837425, 0.47593497
20984400, 1.18734996, 0.474939984
20988000, 1.014056565, 0.405622626
20991600, 0.82749669, 0.330998676
20995200, 0.66954475, 0.2678179
20998800, 0.60174275, 0.2406971
21002400, 0.550043725, 0.22001749
21006000, 0.528008075, 0.21120323
21009600, 0.5220754, 0.20883016
21013200, 0.53394075, 0.2135763
21016800, 0.6068279, 0.24273116
21020400, 0.700903175, 0.28036127
21024000, 0.889053725, 0.35562149
21027600, 0.975501275, 0.39020051
21031200, 0.9966894, 0.39867576
21034800, 1.021267625, 0.40850705
21038400, 1.12042805, 0.44817122
21042000, 1.016182475, 0.40647299
21045600, 0.95431315, 0.38172526
21049200, 0.881426, 0.3525704
21052800, 0.87634085, 0.35053634
21056400, 0.86617055, 0.34646822
21060000, 0.9526181, 0.38104724
21063600, 1.0441508, 0.41766032
21067200, 1.1289033, 0.45156132
21070800, 1.1153429, 0.44613716
21074400, 0.9763488, 0.39053952
21078000, 0.834812125, 0.33392485
21081600, 0.7121214, 0.28484856
21085200, 0.604093275, 0.24163731
21088800, 0.564338925, 0.22573557
21092400, 0.529769925, 0.21190797
21096000, 0.522856125, 0.20914245
21099600, 0.531498375, 0.21259935
21103200, 0.572981175, 0.22919247
21106800, 0.63779805, 0.25511922
21110400, 0.792494325, 0.31699773
21114000, 0.9886734, 0.39546936
21117600, 1.138184325, 0.45527373
21121200, 1.202136975, 0.48085479
21124800, 1.217693025, 0.48707721
21128400, 1.048304925, 0.41932197
21132000, 0.968796225, 0.38751849
21135600, 0.86249655, 0.34499862
21139200, 0.83138445, 0.33255378
21142800, 0.8331129, 0.33324516
21146400, 0.91780695, 0.36712278
21150000, 1.0647252, 0.42589008
21153600, 1.191766275, 0.47670651
21157200, 1.217693025, 0.48707721
21160800, 1.024106625, 0.40964265
21164400, 0.8158284, 0.32633136
21168000, 0.63474, 0.253896
21171600, 0.558912, 0.2235648
21175200, 0.525684, 0.2102736
21178800, 0.50694, 0.202776
21182400, 0.516312, 0.2065248
21186000, 0.537612, 0.2150448
21189600, 0.663708, 0.2654832
21193200, 0.82218, 0.328872
21196800, 0.944868, 0.3779472
21200400, 0.981504, 0.3926016
21204000, 0.981504, 0.3926016
21207600, 1.024104, 0.4096416
21211200, 1.074372, 0.4297488
21214800, 0.956796, 0.3827184
21218400, 0.886932, 0.3547728
21222000, 0.789804, 0.3159216
21225600, 0.79662, 0.318648
21229200, 0.811104, 0.3244416
21232800, 0.930384, 0.3721536
21236400, 1.126344, 0.4505376
21240000, 1.272888, 0.5091552
21243600, 1.22262, 0.489048
21247200, 1.028364, 0.4113456
21250800, 0.807696, 0.3230784
21254400, 0.63206472, 0.252825888
21258000, 0.55858824, 0.223435296
21261600, 0.5260248, 0.21040992
21265200, 0.50598576, 0.202394304
21268800, 0.51600528, 0.206402112
21272400, 0.54856872, 0.219427488
21276000, 0.6554436, 0.26217744
21279600, 0.86501856, 0.346007424
21283200, 0.89424216, 0.357696864
21286800, 0.92597064, 0.370388256
21290400, 0.90676656, 0.362706624
21294000, 0.91511616, 0.366046464
21297600, 1.04703984, 0.418815936
21301200, 0.92430072, 0.369720288
21304800, 0.88171776, 0.352687104
21308400, 0.78569736, 0.314278944
21312000, 0.77985264, 0.311941056
21315600, 0.7890372, 0.31561488
21319200, 0.91595112, 0.366380448
21322800, 1.15474968, 0.461899872
21326400, 1.26162456, 0.504649824
21330000, 1.231566, 0.4926264
21333600, 1.04203008, 0.416812032
21337200, 0.7890372, 0.31561488
21340800, 0.648535584, 0.2594142336
21344400, 0.572089032, 0.2288356128
21348000, 0.522524784, 0.2090099136
21351600, 0.511603848, 0.2046415392
21355200, 0.520004568, 0.2080018272
21358800, 0.53344572, 0.213378288
21362400, 0.668697312, 0.2674789248
21366000, 0.824950704, 0.3299802816
21369600, 0.85687344, 0.342749376
21373200, 0.920718912, 0.3682875648
21376800, 0.90727776, 0.362911104
21380400, 0.963562584, 0.3854250336
21384000, 1.055970504, 0.4223882016
21387600, 0.918198696, 0.3672794784
21391200, 0.870314592, 0.3481258368
21394800, 0.817390056, 0.3269560224
21398400, 0.791347824, 0.3165391296
21402000, 0.803108832, 0.3212435328
21405600, 0.92827956, 0.371311824
21409200, 1.115615616, 0.4462462464
21412800, 1.288670448, 0.5154681792
21416400, 1.267668648, 0.5070674592
21420000, 1.049249928, 0.4196999712
21423600, 0.797228328, 0.3188913312
21427200, 0.632253864, 0.2529015456
21430800, 0.55885236, 0.223540944
21434400, 0.535497336, 0.2141989344
21438000, 0.523819824, 0.2095279296
21441600, 0.51714696, 0.206858784
21445200, 0.544672524, 0.2178690096
21448800, 0.668954616, 0.2675818464
21452400, 0.88415448, 0.353661792
21456000, 0.905841288, 0.3623365152
21459600, 0.869974644, 0.3479898576
21463200, 0.87998394, 0.351993576
21466800, 0.939205608, 0.3756822432
21470400, 1.032625704, 0.4130502816
21474000, 0.920021124, 0.3680084496
21477600, 0.864135888, 0.3456543552
21481200, 0.751531308, 0.3006125232
21484800, 0.774052224, 0.3096208896
21488400, 0.787397952, 0.3149591808
21492000, 0.945878472, 0.3783513888
21495600, 1.173589956, 0.4694359824
21499200, 1.277019348, 0.5108077392
21502800, 1.232811624, 0.4931246496
21506400, 1.03429392, 0.413717568
21510000, 0.798241356, 0.3192965424
21513600, 0.64513014, 0.258052056
21517200, 0.55611744, 0.222446976
21520800, 0.5383149, 0.21532596
21524400, 0.51881688, 0.207526752
21528000, 0.53238072, 0.212952288
21531600, 0.53746716, 0.214986864
21535200, 0.66632364, 0.266529456
21538800, 0.88249734, 0.352998936
21542400, 0.9197979, 0.36791916
21546000, 0.94692558, 0.378770232
21549600, 0.88758378, 0.355033512
21553200, 0.93844818, 0.375379272
21556800, 1.07578206, 0.430312824
21560400, 0.97320552, 0.389282208
21564000, 0.90029988, 0.360119952
21567600, 0.80874396, 0.323497584
21571200, 0.79857108, 0.319428432
21574800, 0.82824198, 0.331296792
21578400, 0.95285976, 0.381143904
21582000, 1.11138714, 0.444554856
21585600, 1.26143712, 0.504574848
21589200, 1.2334617, 0.49338468
21592800, 1.02746088, 0.410984352
21596400, 0.82739424, 0.330957696
21600000, 0.665246712, 0.2660986848
21603600, 0.600196512, 0.2400786048
21607200, 0.55075836, 0.220303344
21610800, 0.52907496, 0.211629984
21614400, 0.522136272, 0.2088545088
21618000, 0.536880984, 0.2147523936
21621600, 0.609737208, 0.2438948832
21625200, 0.716419536, 0.2865678144
21628800, 0.914172144, 0.3656688576
21632400, 1.01044644, 0.404178576
21636000, 1.02779316, 0.411117264
21639600, 1.041670536, 0.4166682144
21643200, 1.15789356, 0.463157424
21646800, 1.052945904, 0.4211783616
21650400, 0.982691688, 0.3930766752
21654000, 0.899427432, 0.3597709728
21657600, 0.892488744, 0.3569954976
21661200, 0.888152064, 0.3552608256
21664800, 0.974885664, 0.3899542656
21668400, 1.090241352, 0.4360965408
21672000, 1.184780976, 0.4739123904
21675600, 1.158760896, 0.4635043584
21679200, 1.00177308, 0.400709232
21682800, 0.8456526, 0.33826104
21686400, 0.712002768, 0.2848011072
21690000, 0.606356472, 0.2425425888
21693600, 0.56374284, 0.225497136
21697200, 0.5326704, 0.21306816
21700800, 0.52823148, 0.211292592
21704400, 0.53710932, 0.214843728
21708000, 0.5770596, 0.23082384
21711600, 0.644531184, 0.2578124736
21715200, 0.80788344, 0.323153376
21718800, 1.024502736, 0.4098010944
21722400, 1.186079424, 0.4744317696
21726000, 1.235795328, 0.4943181312
21729600, 1.25177544, 0.500710176
21733200, 1.07421864, 0.429687456
21736800, 0.988991376, 0.3955965504
21740400, 0.885120648, 0.3540482592
21744000, 0.85227264, 0.340909056
21747600, 0.850497072, 0.3401988288
21751200, 0.950816664, 0.3803266656
21754800, 1.130149032, 0.4520596128
21758400, 1.268643336, 0.5074573344
21762000, 1.27397004, 0.509588016
21765600, 1.049360688, 0.4197442752
21769200, 0.823863552, 0.3295454208
21772800, 0.642750108, 0.2571000432
21776400, 0.564708144, 0.2258832576
21780000, 0.532263732, 0.2129054928
21783600, 0.511218708, 0.2044874832
21787200, 0.5261256, 0.21045024
21790800, 0.550678128, 0.2202712512
21794400, 0.683086404, 0.2732345616
21798000, 0.878629752, 0.3514519008
21801600, 0.99525426, 0.398101704
21805200, 1.01717616, 0.406870464
21808800, 0.991746756, 0.3966987024
21812400, 1.051374324, 0.4205497296
21816000, 1.102233132, 0.4408932528
21819600, 0.971578608, 0.3886314432
21823200, 0.908443536, 0.3633774144
21826800, 0.80234154, 0.320936616
21830400, 0.8111103, 0.32444412
21834000, 0.82864782, 0.331459128
21837600, 0.957548592, 0.3830194368
21841200, 1.180275096, 0.4721100384
21844800, 1.351265916, 0.5405063664
21848400, 1.278485208, 0.5113940832
21852000, 1.046989944, 0.4187959776
21855600, 0.811987176, 0.3247948704
21859200, 0.63870912, 0.255483648
21862800, 0.56487984, 0.225951936
21866400, 0.53311608, 0.213246432
21870000, 0.51422952, 0.205691808
21873600, 0.5236728, 0.20946912
21877200, 0.55887048, 0.223548192
21880800, 0.6739068, 0.26956272
21884400, 0.91256424, 0.365025696
21888000, 0.94089408, 0.376357632
21891600, 0.9400356, 0.37601424
21895200, 0.92200752, 0.368803008
21898800, 0.94089408, 0.376357632
21902400, 1.06108128, 0.424432512
21906000, 0.95377128, 0.381508512
21909600, 0.8928192, 0.35712768
21913200, 0.79151856, 0.316607424
21916800, 0.78207528, 0.312830112
21920400, 0.80611272, 0.322445088
21924000, 0.94261104, 0.377044416
21927600, 1.22505096, 0.490020384
21931200, 1.34695512, 0.538782048
21934800, 1.2920124, 0.51680496
21938400, 1.06709064, 0.426836256
21942000, 0.80439576, 0.321758304
21945600, 0.65212068, 0.260848272
21949200, 0.572656968, 0.2290627872
21952800, 0.526015224, 0.2104060896
21956400, 0.512195448, 0.2048781792
21960000, 0.52256028, 0.209024112
21963600, 0.543289944, 0.2173159776
21967200, 0.68235144, 0.272940576
21970800, 0.862008528, 0.3448034112
21974400, 0.89828544, 0.359314176
21978000, 0.952700808, 0.3810803232
21981600, 0.930243672, 0.3720974688
21985200, 0.987250248, 0.3949000992
21988800, 1.081397472, 0.4325589888
21992400, 0.938017296, 0.3752069184
21996000, 0.88964808, 0.355859232
21999600, 0.835232712, 0.3340930848
22003200, 0.801547008, 0.3206188032
22006800, 0.826595352, 0.3306381408
22010400, 0.95442828, 0.381771312
22014000, 1.177272168, 0.4709088672
22017600, 1.3603842, 0.54415368
22021200, 1.329289704, 0.5317158816
22024800, 1.068441432, 0.4273765728
22028400, 0.810184368, 0.3240737472
22032000, 0.635898036, 0.2543592144
22035600, 0.561438912, 0.2245755648
22039200, 0.544321872, 0.2177287488
22042800, 0.527204832, 0.2108819328
22046400, 0.525493128, 0.2101972512
22050000, 0.554592096, 0.2218368384
22053600, 0.691528416, 0.2766113664
22057200, 0.930311124, 0.3721244496
22060800, 0.944004756, 0.3776019024
22064400, 0.895221192, 0.3580884768
22068000, 0.8986446, 0.35945784
22071600, 0.961121796, 0.3844487184
22075200, 1.049274552, 0.4197098208
22078800, 0.933734532, 0.3734938128
22082400, 0.87296904, 0.349187616
22086000, 0.754861464, 0.3019445856
22089600, 0.782248728, 0.3128994912
22093200, 0.801933324, 0.3207733296
22096800, 0.978238836, 0.3912955344
22100400, 1.227291768, 0.4909167072
22104000, 1.35224616, 0.540898464
22107600, 1.272651924, 0.5090607696
22111200, 1.055265516, 0.4221062064
22114800, 0.810491844, 0.3241967376
22118400, 0.647173908, 0.2588695632
22122000, 0.55880478, 0.223521912
22125600, 0.543210228, 0.2172840912
22129200, 0.5198184, 0.20792736
22132800, 0.538012044, 0.2152048176
22136400, 0.544942956, 0.2179771824
22140000, 0.681828468, 0.2727313872
22143600, 0.92267766, 0.369071064
22147200, 0.9530004, 0.38120016
22150800, 0.96599586, 0.386398344
22154400, 0.893221284, 0.3572885136
22158000, 0.946935852, 0.3787743408
22161600, 1.09595046, 0.438380184
22165200, 0.993719508, 0.3974878032
22168800, 0.914880384, 0.3659521536
22172400, 0.813515796, 0.3254063184
22176000, 0.812649432, 0.3250597728
22179600, 0.837773988, 0.3351095952
22183200, 0.978124956, 0.3912499824
22186800, 1.15226412, 0.460905648
22190400, 1.32553692, 0.530214768
22194000, 1.281352356, 0.5125409424
22197600, 1.0396368, 0.41585472
22201200, 0.84037308, 0.336149232
22204800, 0.6752208, 0.27008832
22208400, 0.6150615, 0.2460246
22212000, 0.5611875, 0.224475
22215600, 0.5351484, 0.21405936
22219200, 0.5306589, 0.21226356
22222800, 0.5495148, 0.21980592
22226400, 0.6186531, 0.24746124
22230000, 0.7443591, 0.29774364
22233600, 0.9634467, 0.38537868
22237200, 1.0514409, 0.42057636
22240800, 1.050543, 0.4202172
22244400, 1.0819695, 0.4327878
22248000, 1.2049818, 0.48199272
22251600, 1.0909485, 0.4363794
22255200, 1.0110354, 0.40441416
22258800, 0.9293265, 0.3717306
22262400, 0.9167559, 0.36670236
22266000, 0.9131643, 0.36526572
22269600, 1.0101375, 0.404055
22273200, 1.1600868, 0.46403472
22276800, 1.2624474, 0.50497896
22280400, 1.2058797, 0.48235188
22284000, 1.0361766, 0.41447064
22287600, 0.8637798, 0.34551192
22291200, 0.71654172, 0.286616688
22294800, 0.61157064, 0.244628256
22298400, 0.566843832, 0.2267375328
22302000, 0.535808904, 0.2143235616
22305600, 0.52941936, 0.211767744
22309200, 0.540372864, 0.2161491456
22312800, 0.581448504, 0.2325794016
22316400, 0.658123032, 0.2632492128
22320000, 0.83064072, 0.332256288
22323600, 1.061577096, 0.4246308384
22327200, 1.235007576, 0.4940030304
22330800, 1.2779088, 0.51116352
22334400, 1.29160068, 0.516640272
22338000, 1.107216696, 0.4428866784
22341600, 1.00863516, 0.403454064
22345200, 0.918268752, 0.3673075008
22348800, 0.873541944, 0.3494167776
22352400, 0.868977984, 0.3475911936
22356000, 0.982164192, 0.3928656768
22359600, 1.193019144, 0.4772076576
22363200, 1.343629824, 0.5374519296
22366800, 1.31898444, 0.527593776
22370400, 1.066141056, 0.4264564224
22374000, 0.831553512, 0.3326214048
22377600, 0.6536542, 0.26146168
22381200, 0.571609328, 0.2286437312
22384800, 0.540053608, 0.2160214432
22388400, 0.515710624, 0.2062842496
22392000, 0.532840872, 0.2131363488
22395600, 0.561691816, 0.2246767264
22399200, 0.6987338, 0.27949352
22402800, 0.922328616, 0.3689314464
22406400, 1.034126024, 0.4136504096
22410000, 1.0368308, 0.41473232
22413600, 1.011586224, 0.4046344896
22417200, 1.05486264, 0.421945056
22420800, 1.132399552, 0.4529598208
22424400, 0.999865528, 0.3999462112
22428000, 0.922328616, 0.3689314464
22431600, 0.808728024, 0.3234912096
22435200, 0.814137576, 0.3256550304
22438800, 0.850201256, 0.3400805024
22442400, 0.989046424, 0.3956185696
22446000, 1.264933576, 0.5059734304
22449600, 1.43353128, 0.573412512
22453200, 1.341568896, 0.5366275584
22456800, 1.070189704, 0.4280758816
22460400, 0.82044872, 0.328179488
22464000, 0.632566466, 0.2530265864
22467600, 0.568520208, 0.2274080832
22471200, 0.532549022, 0.2130196088
22474800, 0.518511486, 0.2074045944
22478400, 0.525530254, 0.2102121016
22482000, 0.569397554, 0.2277590216
22485600, 0.680820496, 0.2723281984
22489200, 0.957184486, 0.3828737944
22492800, 0.98701425, 0.3948057
22496400, 0.958061832, 0.3832247328
22500000, 0.936128182, 0.3744512728
22503600, 0.967712638, 0.3870850552
22507200, 1.066852736, 0.4267410944
22510800, 0.966835292, 0.3867341168
22514400, 0.904543726, 0.3618174904
22518000, 0.795752822, 0.3183011288
22521600, 0.787856708, 0.3151426832
22525200, 0.827337278, 0.3309349112
22528800, 0.96946733, 0.387786932
22532400, 1.295840042, 0.5183360168
22536000, 1.419545828, 0.5678183312
22539600, 1.330056536, 0.5320226144
22543200, 1.082644964, 0.4330579856
22546800, 0.809790358, 0.3239161432
22550400, 0.65721028, 0.262884112
22554000, 0.578167422, 0.2312669688
22557600, 0.529320712, 0.2117282848
22561200, 0.514222638, 0.2056890552
22564800, 0.52843259, 0.211373036
22568400, 0.55063564, 0.220254256
22572000, 0.694511404, 0.2778045616
22575600, 0.898779464, 0.3595117856
22579200, 0.94584993, 0.378339972
22582800, 0.99025603, 0.396102412
22586400, 0.952066784, 0.3808267136
22590000, 1.006242226, 0.4024968904
22593600, 1.107488134, 0.4429952536
22597200, 0.962724248, 0.3850896992
22600800, 0.907660684, 0.3630642736
22604400, 0.849044632, 0.3396178528
22608000, 0.811743508, 0.3246974032
22611600, 0.846380266, 0.3385521064
22615200, 0.980486688, 0.3921946752
22618800, 1.246923288, 0.4987693152
22622400, 1.432540786, 0.5730163144
22626000, 1.382805954, 0.5531223816
22629600, 1.08794945, 0.43517978
22633200, 0.822400972, 0.3289603888
22636800, 0.648358694, 0.2593434776
22640400, 0.5702749, 0.22810996
22644000, 0.545709212, 0.2182836848
22647600, 0.529916984, 0.2119667936
22651200, 0.53079433, 0.212317732
22654800, 0.562378786, 0.2249515144
22658400, 0.71065026, 0.284260104
22662000, 0.980872828, 0.3923491312
22665600, 0.98701425, 0.3948057
22669200, 0.927354722, 0.3709418888
22672800, 0.904543726, 0.3618174904
22676400, 0.97385406, 0.389541624
22680000, 1.072116812, 0.4288467248
22683600, 0.95630714, 0.382522856
22687200, 0.879100692, 0.3516402768
22690800, 0.765923058, 0.3063692232
22694400, 0.7896114, 0.31584456
22698000, 0.823827894, 0.3295311576
22701600, 0.996665056, 0.3986660224
22705200, 1.29408535, 0.51763414
22708800, 1.427441942, 0.5709767768
22712400, 1.315141654, 0.5260566616
22716000, 1.07474885, 0.42989954
22719600, 0.81154505, 0.32461802
22723200, 0.64747596, 0.258990384
22726800, 0.55460031, 0.221840124
22730400, 0.53867877, 0.215471508
22734000, 0.5218727, 0.20874908
22737600, 0.5395633, 0.21582532
22741200, 0.54575501, 0.218302004
22744800, 0.69612511, 0.278450044
22748400, 0.9641377, 0.38565508
22752000, 0.9818283, 0.39273132
22755600, 0.98713548, 0.394854192
22759200, 0.91195043, 0.364780172
22762800, 0.9641377, 0.38565508
22766400, 1.11539233, 0.446156932
22770000, 1.00482608, 0.401930432
22773600, 0.92433385, 0.36973354
22777200, 0.82703555, 0.33081422
22780800, 0.81819025, 0.3272761
22784400, 0.85268692, 0.341074768
22788000, 1.00217249, 0.400868996
22791600, 1.20384533, 0.481538132
22795200, 1.40021099, 0.560084396
22798800, 1.33033312, 0.532133248
22802400, 1.05082164, 0.420328656
22806000, 0.84384162, 0.337536648
22809600, 0.681641268, 0.2726565072
22813200, 0.61549818, 0.246199272
22816800, 0.56037894, 0.224151576
22820400, 0.531900666, 0.2127602664
22824000, 0.530982012, 0.2123928048
22827600, 0.554867016, 0.2219468064
22831200, 0.62009145, 0.24803658
22834800, 0.765238782, 0.3060955128
22838400, 1.000414206, 0.4001656824
22842000, 1.08401172, 0.433604688
22845600, 1.078499796, 0.4313999184
22849200, 1.106059416, 0.4424237664
22852800, 1.252125402, 0.5008501608
22856400, 1.108815378, 0.4435261512
22860000, 1.038997674, 0.4155990696
22863600, 0.95080689, 0.380322756
22867200, 0.933352464, 0.3733409856
22870800, 0.926921886, 0.3707687544
22874400, 1.027055172, 0.4108220688
22878000, 1.220891166, 0.4883564664
22881600, 1.32745503, 0.530982012
22885200, 1.243857516, 0.4975430064
22888800, 1.0564521, 0.42258084
22892400, 0.873639954, 0.3494559816
22896000, 0.71976047, 0.287904188
22899600, 0.61559696, 0.246238784
22903200, 0.56961487, 0.227845948
22906800, 0.53583211, 0.214332844
22910400, 0.53020165, 0.21208066
22914000, 0.53958575, 0.2158343
22917600, 0.58369102, 0.233476408
22921200, 0.6662711, 0.26650844
22924800, 0.85582992, 0.342331968
22928400, 1.08480196, 0.433920784
22932000, 1.27154555, 0.50861822
22935600, 1.33160379, 0.532641516
22939200, 1.33723425, 0.5348937
22942800, 1.15049066, 0.460196264
22946400, 1.05195761, 0.420783044
22950000, 0.95060933, 0.380243732
22953600, 0.89618155, 0.35847262
22957200, 0.90181201, 0.360724804
22960800, 1.01723644, 0.406894576
22964400, 1.26497668, 0.505990672
22968000, 1.41887592, 0.567550368
22971600, 1.35318722, 0.541274888
22975200, 1.08480196, 0.433920784
22978800, 0.83330808, 0.333323232
22982400, 0.655247, 0.2620988
22986000, 0.56978, 0.227912
22989600, 0.54221, 0.216884
22993200, 0.516478, 0.2065912
22996800, 0.53302, 0.213208
23000400, 0.567942, 0.2271768
23004000, 0.714982, 0.2859928
23007600, 0.962193, 0.3848772
23011200, 1.071554, 0.4286216
23014800, 1.044903, 0.4179612
23018400, 1.026523, 0.4106092
23022000, 1.066959, 0.4267836
23025600, 1.136803, 0.4547212
23029200, 1.005386, 0.4021544
23032800, 0.921757, 0.3687028
23036400, 0.804125, 0.32165
23040000, 0.809639, 0.3238556
23043600, 0.859265, 0.343706
23047200, 1.025604, 0.4102416
23050800, 1.345416, 0.5381664
23054400, 1.515431, 0.6061724
23058000, 1.384014, 0.5536056
23061600, 1.096367, 0.4385468
23065200, 0.8271, 0.33084
23068800, 0.641366424, 0.2565465696
23072400, 0.57615786, 0.230463144
23076000, 0.536854068, 0.2147416272
23079600, 0.530601192, 0.2122404768
23083200, 0.533280996, 0.2133123984
23086800, 0.584197272, 0.2336789088
23090400, 0.706574988, 0.2826299952
23094000, 0.993314016, 0.3973256064
23097600, 1.029938004, 0.4119752016
23101200, 0.984381336, 0.3937525344
23104800, 0.932571792, 0.3730287168
23108400, 0.983488068, 0.3933952272
23112000, 1.070135064, 0.4280540256
23115600, 0.967409244, 0.3869636976
23119200, 0.901307412, 0.3605229648
23122800, 0.796795056, 0.3187180224
23126400, 0.786969108, 0.3147876432
23130000, 0.841458456, 0.3365833824
23133600, 0.986167872, 0.3944671488
23137200, 1.345261608, 0.5381046432
23140800, 1.480145076, 0.5920580304
23144400, 1.34883468, 0.539533872
23148000, 1.095146568, 0.4380586272
23151600, 0.824486364, 0.3297945456
23155200, 0.664399321, 0.2657597284
23158800, 0.585325804, 0.2341303216
23162400, 0.534427908, 0.2137711632
23166000, 0.519885652, 0.2079542608
23169600, 0.535336799, 0.2141347196
23173200, 0.560785747, 0.2243142988
23176800, 0.708026089, 0.2832104356
23180400, 0.937066621, 0.3748266484
23184000, 0.984328953, 0.3937315812
23187600, 1.018866811, 0.4075467244
23191200, 0.97251337, 0.389005348
23194800, 1.021593484, 0.4086373936
23198400, 1.124298167, 0.4497192668
23202000, 0.984328953, 0.3937315812
23205600, 0.923433256, 0.3693733024
23209200, 0.847086412, 0.3388345648
23212800, 0.817093009, 0.3268372036
23216400, 0.855266431, 0.3421065724
23220000, 1.005233446, 0.4020933784
23223600, 1.314256386, 0.5257025544
23227200, 1.502396823, 0.6009587292
23230800, 1.427867761, 0.5711471044
23234400, 1.103393674, 0.4413574696
23238000, 0.837088611, 0.3348354444
23241600, 0.655217592, 0.2620870368
23245200, 0.576448264, 0.2305793056
23248800, 0.549595084, 0.2198380336
23252400, 0.535273388, 0.2141093552
23256000, 0.533483176, 0.2133932704
23259600, 0.570182522, 0.2280730088
23263200, 0.723245648, 0.2892982592
23266800, 1.024001264, 0.4096005056
23270400, 1.0293719, 0.41174876
23274000, 0.952392784, 0.3809571136
23277600, 0.930015134, 0.3720060536
23281200, 0.995357872, 0.3981431488
23284800, 1.081288048, 0.4325152192
23288400, 0.964924268, 0.3859697072
23292000, 0.86825282, 0.347301128
23295600, 0.767105842, 0.3068423368
23299200, 0.79216881, 0.316867524
23302800, 0.830658368, 0.3322633472
23306400, 1.016840416, 0.4067361664
23310000, 1.356980696, 0.5427922784
23313600, 1.491246596, 0.5964986384
23317200, 1.352505166, 0.5410020664
23320800, 1.089344002, 0.4357376008
23324400, 0.818126884, 0.3272507536
23328000, 0.649039155, 0.259615662
23331600, 0.5612333, 0.22449332
23335200, 0.544034215, 0.217613686
23338800, 0.527740345, 0.211096138
23342400, 0.544034215, 0.217613686
23346000, 0.554896795, 0.221958718
23349600, 0.71330942, 0.285323768
23353200, 1.0138408, 0.40553632
23356800, 1.029229455, 0.411691782
23360400, 1.003883435, 0.401553374
23364000, 0.920603655, 0.368241462
23367600, 0.982158275, 0.39286331
23371200, 1.1224666, 0.44898664
23374800, 1.012935585, 0.405174234
23378400, 0.936897525, 0.37475901
23382000, 0.837323875, 0.33492955
23385600, 0.833703015, 0.333481206
23389200, 0.87805855, 0.35122342
23392800, 1.032850315, 0.413140126
23396400, 1.259154065, 0.503661626
23400000, 1.454680505, 0.581872202
23403600, 1.369590295, 0.547836118
23407200, 1.072679775, 0.42907191
23410800, 0.859049035, 0.343619614
23414400, 0.68831262, 0.275325048
23418000, 0.623252934, 0.2493011736
23421600, 0.561964824, 0.2247859296
23425200, 0.536506686, 0.2146026744
23428800, 0.535563792, 0.2142255168
23432400, 0.564793506, 0.2259174024
23436000, 0.624195828, 0.2496783312
23439600, 0.790145172, 0.3160580688
23443200, 1.038126294, 0.4152505176
23446800, 1.10318598, 0.441274392
23450400, 1.104128874, 0.4416515496
23454000, 1.149387786, 0.4597551144
23457600, 1.302136614, 0.5208546456
23461200, 1.144673316, 0.4578693264
23464800, 1.069241796, 0.4276967184
23468400, 0.97589529, 0.390358116
23472000, 0.940065318, 0.3760261272
23475600, 0.941008212, 0.3764032848
23479200, 1.048498128, 0.4193992512
23482800, 1.295536356, 0.5182145424
23486400, 1.38133971, 0.552535884
23490000, 1.283278734, 0.5133114936
23493600, 1.080556524, 0.4322226096
23497200, 0.891977724, 0.3567910896
23500800, 0.73131263, 0.292525052
23504400, 0.627669648, 0.2510678592
23508000, 0.580206974, 0.2320827896
23511600, 0.544367812, 0.2177471248
23515200, 0.53758743, 0.215034972
23518800, 0.553085446, 0.2212341784
23522400, 0.59086186, 0.236344744
23526000, 0.677069574, 0.2708278296
23529600, 0.88629279, 0.354517116
23533200, 1.121668908, 0.4486675632
23536800, 1.332829376, 0.5331317504
23540400, 1.37544892, 0.550179568
23544000, 1.387072432, 0.5548289728
23547600, 1.192378606, 0.4769514424
23551200, 1.087766998, 0.4351067992
23554800, 0.982186764, 0.3928747056
23558400, 0.91535157, 0.366140628
23562000, 0.92503783, 0.370015132
23565600, 1.052896462, 0.4211585848
23569200, 1.34639014, 0.538556056
23572800, 1.500401674, 0.6001606696
23576400, 1.402570448, 0.5610281792
23580000, 1.10423364, 0.441693456
23583600, 0.838830116, 0.3355320464
23587200, 0.65985216, 0.263940864
23590800, 0.57268419, 0.229073676
23594400, 0.54550278, 0.218201112
23598000, 0.52019595, 0.20807838
23601600, 0.53612988, 0.214451952
23605200, 0.57549606, 0.230198424
23608800, 0.72452517, 0.289810068
23612400, 1.01414778, 0.405659112
23616000, 1.12287342, 0.449149368
23619600, 1.06569873, 0.426279492
23623200, 1.0403919, 0.41615676
23626800, 1.07882079, 0.431528316
23630400, 1.13880735, 0.45552294
23634000, 1.0122732, 0.40490928
23637600, 0.92979168, 0.371916672
23641200, 0.80888127, 0.323552508
23644800, 0.82387791, 0.329551164
23648400, 0.87449157, 0.349796628
23652000, 1.04882751, 0.419531004
23655600, 1.41249603, 0.564998412
23659200, 1.59526758, 0.638107032
23662800, 1.40687229, 0.562748916
23666400, 1.11350052, 0.445400208
23670000, 0.82762707, 0.331050828
23673600, 0.638800344, 0.2555201376
23677200, 0.578742192, 0.2314968768
23680800, 0.540523368, 0.2162093472
23684400, 0.535063536, 0.2140254144
23688000, 0.538703424, 0.2154813696
23691600, 0.583292052, 0.2333168208
23695200, 0.72342774, 0.289371096
23698800, 1.03281822, 0.413127288
23702400, 1.071947016, 0.4287788064
23706000, 0.999149256, 0.3996597024
23709600, 0.944550936, 0.3778203744
23713200, 1.006429032, 0.4025716128
23716800, 1.074676932, 0.4298707728
23720400, 0.970030152, 0.3880120608
23724000, 0.894502476, 0.3578009904
23727600, 0.803505276, 0.3214021104
23731200, 0.798955416, 0.3195821664
23734800, 0.853553736, 0.3414214944
23738400, 1.013708808, 0.4054835232
23742000, 1.41955632, 0.567822528
23745600, 1.536032736, 0.6144130944
23749200, 1.374967692, 0.5499870768
23752800, 1.103796036, 0.4415184144
23756400, 0.826254576, 0.3305018304
23760000, 0.66746823, 0.266987292
23763600, 0.590919426, 0.2363677704
23767200, 0.544243326, 0.2176973304
23770800, 0.523705842, 0.2094823368
23774400, 0.54144276, 0.216577104
23778000, 0.567581376, 0.2270325504
23781600, 0.72814716, 0.291258864
23785200, 0.976464012, 0.3905856048
23788800, 1.0268742, 0.41074968
23792400, 1.05021225, 0.4200849
23796000, 1.000735584, 0.4002942336
23799600, 1.032475332, 0.4129901328
23803200, 1.15289967, 0.461159868
23806800, 1.016605458, 0.4066421832
23810400, 0.936322566, 0.3745290264
23814000, 0.85884024, 0.343536096
23817600, 0.839236278, 0.3356945112
23821200, 0.864441372, 0.3457765488
23824800, 1.043677596, 0.4174710384
23828400, 1.382546082, 0.5530184328
23832000, 1.574851614, 0.6299406456
23835600, 1.46096193, 0.584384772
23839200, 1.126761054, 0.4507044216
23842800, 0.851372064, 0.3405488256
23846400, 0.663593784, 0.2654375136
23850000, 0.58201941, 0.232807764
23853600, 0.549023034, 0.2196092136
23857200, 0.537107676, 0.2148430704
23860800, 0.538024242, 0.2152096968
23864400, 0.580186278, 0.2320745112
23868000, 0.738752196, 0.2955008784
23871600, 1.071465654, 0.4285862616
23875200, 1.08154788, 0.432619152
23878800, 0.987141582, 0.3948566328
23882400, 0.936730452, 0.3746921808
23886000, 1.011888864, 0.4047555456
23889600, 1.096212936, 0.4384851744
23893200, 0.981642186, 0.3926568744
23896800, 0.868904568, 0.3475618272
23900400, 0.768998874, 0.3075995496
23904000, 0.794662722, 0.3178650888
23907600, 0.85240638, 0.340962552
23911200, 1.056800598, 0.4227202392
23914800, 1.438092054, 0.5752368216
23918400, 1.565494728, 0.6261978912
23922000, 1.394096886, 0.5576387544
23925600, 1.107211728, 0.4428846912
23929200, 0.816660306, 0.3266641224
23932800, 0.654672102, 0.2618688408
23936400, 0.562999488, 0.2251997952
23940000, 0.54633174, 0.218532696
23943600, 0.52781202, 0.211124808
23947200, 0.549109698, 0.2196438792
23950800, 0.565777446, 0.2263109784
23954400, 0.735232884, 0.2940931536
23958000, 1.0648839, 0.42595356
23961600, 1.084329606, 0.4337318424
23965200, 1.031548404, 0.4126193616
23968800, 0.938023818, 0.3752095272
23972400, 0.999138894, 0.3996555576
23976000, 1.12970292, 0.451881168
23979600, 1.021362558, 0.4085450232
23983200, 0.93987579, 0.375950316
23986800, 0.844499232, 0.3377996928
23990400, 0.840795288, 0.3363181152
23994000, 0.89357649, 0.357430596
23997600, 1.05099411, 0.420397644
24001200, 1.331567868, 0.5326271472
24004800, 1.524172956, 0.6096691824
24008400, 1.40749872, 0.562999488
24012000, 1.095441438, 0.4381765752
24015600, 0.86579691, 0.346318764
24019200, 0.698878278, 0.2795513112
24022800, 0.627148746, 0.2508594984
24026400, 0.564143076, 0.2256572304
24030000, 0.545726034, 0.2182904136
24033600, 0.543787398, 0.2175149592
24037200, 0.575774892, 0.2303099568
24040800, 0.6300567, 0.25202268
24044400, 0.81422712, 0.325690848
24048000, 1.079820252, 0.4319281008
24051600, 1.14864183, 0.459456732
24055200, 1.131194106, 0.4524776424
24058800, 1.180629324, 0.4722517296
24062400, 1.34735202, 0.538940808
24066000, 1.17772137, 0.471088548
24069600, 1.098237294, 0.4392949176
24073200, 0.997428222, 0.3989712888
24076800, 0.939269142, 0.3757076568
24080400, 0.960594138, 0.3842376552
24084000, 1.092421386, 0.4369685544
24087600, 1.379339514, 0.5517358056
24091200, 1.448161092, 0.5792644368
24094800, 1.321180434, 0.5284721736
24098400, 1.108899792, 0.4435599168
24102000, 0.910189602, 0.3640758408
24105600, 0.741997386, 0.2967989544
24109200, 0.638858748, 0.2555434992
24112800, 0.587790102, 0.2351160408
24116400, 0.554745684, 0.2218982736
24120000, 0.544732224, 0.2178928896
24123600, 0.566761836, 0.2267047344
24127200, 0.603811638, 0.2415246552
24130800, 0.70594893, 0.282379572
24134400, 0.935257164, 0.3741028656
24138000, 1.192603086, 0.4770412344
24141600, 1.38185748, 0.552742992
24145200, 1.420909974, 0.5683639896
24148800, 1.432926126, 0.5731704504
24152400, 1.225647504, 0.4902590016
24156000, 1.12150752, 0.448603008
24159600, 1.008355422, 0.4033421688
24163200, 0.934255818, 0.3737023272
24166800, 0.957286776, 0.3829147104
24170400, 1.127515596, 0.4510062384
24174000, 1.419908628, 0.5679634512
24177600, 1.560097068, 0.6240388272
24181200, 1.422912666, 0.5691650664
24184800, 1.124511558, 0.4498046232
24188400, 0.847138716, 0.3388554864
24192000, 0.668834768, 0.2675339072
24195600, 0.576846032, 0.2307384128
24199200, 0.549057768, 0.2196231072
24202800, 0.524144152, 0.2096576608
24206400, 0.5509742, 0.22038968
24210000, 0.581637112, 0.2326548448
24213600, 0.740700968, 0.2962803872
24217200, 1.040622576, 0.4162490304
24220800, 1.168065304, 0.4672261216
24224400, 1.102906616, 0.4411626464
24228000, 1.06361976, 0.425447904
24231600, 1.107697696, 0.4430790784
24235200, 1.155608496, 0.4622433984
24238800, 1.018583608, 0.4074334432
24242400, 0.944800976, 0.3779203904
24246000, 0.821191112, 0.3284764448
24249600, 0.848979376, 0.3395917504
24253200, 0.90072304, 0.360289216
24256800, 1.105781264, 0.4423125056
24260400, 1.481401936, 0.5925607744
24264000, 1.647173304, 0.6588693216
24267600, 1.426783624, 0.5707134496
24271200, 1.114405208, 0.4457620832
24274800, 0.825023976, 0.3300095904
24278400, 0.63788844, 0.255155376
24282000, 0.578721976, 0.2314887904
24285600, 0.54081846, 0.216327384
24289200, 0.535271604, 0.2141086416
24292800, 0.544516364, 0.2178065456
24296400, 0.58704226, 0.234816904
24300000, 0.73033604, 0.292134416
24303600, 1.055751592, 0.4223006368
24307200, 1.099201964, 0.4396807856
24310800, 1.013225696, 0.4052902784
24314400, 0.965152944, 0.3860611776
24318000, 1.025243884, 0.4100975536
24321600, 1.096428536, 0.4385714144
24325200, 0.98456694, 0.393826776
24328800, 0.909684384, 0.3638737536
24332400, 0.80429412, 0.321717648
24336000, 0.810765452, 0.3243061808
24339600, 0.868082964, 0.3472331856
24343200, 1.069618732, 0.4278474928
24346800, 1.466218936, 0.5864875744
24350400, 1.578080532, 0.6312322128
24354000, 1.381167144, 0.5524668576
24357600, 1.106597772, 0.4426391088
24361200, 0.830179448, 0.3320717792
24364800, 0.67350342, 0.269401368
24368400, 0.594211528, 0.2376846112
24372000, 0.551221948, 0.2204887792
24375600, 0.536892088, 0.2147568352
24379200, 0.547400652, 0.2189602608
24382800, 0.5731944, 0.22927776
24386400, 0.737510128, 0.2950040512
24390000, 1.000224228, 0.4000896912
24393600, 1.064230936, 0.4256923744
24397200, 1.069007556, 0.4276030224
24400800, 1.013598764, 0.4054395056
24404400, 1.0508564, 0.42034256
24408000, 1.163584632, 0.4654338528
24411600, 1.040347836, 0.4161391344
24415200, 0.956279324, 0.3825117296
24418800, 0.867434192, 0.3469736768
24422400, 0.85023836, 0.340095344
24426000, 0.889406644, 0.3557626576
24429600, 1.10339922, 0.441359688
24433200, 1.463556368, 0.5854225472
24436800, 1.630738068, 0.6522952272
24440400, 1.481707524, 0.5926830096
24444000, 1.147344124, 0.4589376496
24447600, 0.865523544, 0.3462094176
24451200, 0.674348848, 0.2697395392
24454800, 0.59335164, 0.237340656
24458400, 0.553794864, 0.2215179456
24462000, 0.534016476, 0.2136065904
24465600, 0.55096938, 0.220387752
24469200, 0.587700672, 0.2350802688
24472800, 0.751578744, 0.3006314976
24476400, 1.09252048, 0.437008192
24480000, 1.118891664, 0.4475566656
24483600, 1.019999724, 0.4079998896
24487200, 0.967257356, 0.3869029424
24490800, 1.04542908, 0.418171632
24494400, 1.109473384, 0.4437893536
24498000, 1.00775596, 0.403102384
24501600, 0.888143804, 0.3552575216
24505200, 0.792077348, 0.3168309392
24508800, 0.820332188, 0.3281328752
24512400, 0.887201976, 0.3548807904
24516000, 1.115124352, 0.4460497408
24519600, 1.496564692, 0.5986258768
24523200, 1.622769644, 0.6491078576
24526800, 1.412742, 0.5650968
24530400, 1.123600804, 0.4494403216
24534000, 0.831634124, 0.3326536496
24537600, 0.66738684, 0.266954736
24541200, 0.573668688, 0.2294674752
24544800, 0.55378908, 0.221515632
24548400, 0.536749416, 0.2146997664
24552000, 0.559468968, 0.2237875872
24555600, 0.575561984, 0.2302247936
24559200, 0.74785192, 0.299140768
24562800, 1.082018664, 0.4328074656
24566400, 1.113258048, 0.4453032192
24570000, 1.05551252, 0.422205008
24573600, 0.961794368, 0.3847177472
24577200, 1.02711308, 0.410845232
24580800, 1.141657488, 0.4566629952
24584400, 1.037526208, 0.4150104832
24588000, 0.95611448, 0.382445792
24591600, 0.851036552, 0.3404146208
24595200, 0.86618292, 0.346473168
24598800, 0.925821744, 0.3703286976
24602400, 1.105684864, 0.4422739456
24606000, 1.39157256, 0.556629024
24609600, 1.563862496, 0.6255449984
24613200, 1.426598536, 0.5706394144
24616800, 1.110418104, 0.4441672416
24620400, 0.8756494, 0.35025976
24624000, 0.705280716, 0.2821122864
24627600, 0.632867928, 0.2531471712
24631200, 0.5703747, 0.22814988
24634800, 0.551527536, 0.2206110144
24638400, 0.554503404, 0.2218013616
24642000, 0.588229908, 0.2352919632
24645600, 0.638819664, 0.2555278656
24649200, 0.841178688, 0.3364714752
24652800, 1.112974632, 0.4451898528
24656400, 1.184395464, 0.4737581856
24660000, 1.152652872, 0.4610611488
24663600, 1.199274804, 0.4797099216
24667200, 1.379810796, 0.5519243184
24670800, 1.204234584, 0.4816938336
24674400, 1.13082984, 0.452331936
24678000, 1.009811208, 0.4039244832
24681600, 0.946326024, 0.3785304096
24685200, 0.988980132, 0.3955920528
24688800, 1.149677004, 0.4598708016
24692400, 1.4383362, 0.57533448
24696000, 1.489917912, 0.5959671648
24699600, 1.341124512, 0.5364498048
24703200, 1.128845928, 0.4515383712
24706800, 0.923511036, 0.3694044144
24710400, 0.750543408, 0.3002173632
24714000, 0.655824624, 0.2623298496
24717600, 0.596110608, 0.2384442432
24721200, 0.565224048, 0.2260896192
24724800, 0.558017184, 0.2232068736
24728400, 0.578608224, 0.2314432896
24732000, 0.615672096, 0.2462688384
24735600, 0.728922816, 0.2915691264
24739200, 0.970867536, 0.3883470144
24742800, 1.238551056, 0.4954204224
24746400, 1.403279376, 0.5613117504
24750000, 1.44652056, 0.578608224
24753600, 1.466082048, 0.5864328192
24757200, 1.257082992, 0.5028331968
24760800, 1.14795048, 0.459180192
24764400, 1.040877072, 0.4163508288
24768000, 0.966749328, 0.3866997312
24771600, 1.0038132, 0.40152528
24775200, 1.19942808, 0.479771232
24778800, 1.488732192, 0.5954928768
24782400, 1.612278432, 0.6449113728
24786000, 1.439313696, 0.5757254784
24789600, 1.140743616, 0.4562974464
24793200, 0.855557712, 0.3422230848
24796800, 0.673598784, 0.2694395136
24800400, 0.584503596, 0.2338014384
24804000, 0.559047828, 0.2236191312
24807600, 0.536529264, 0.2146117056
24811200, 0.561985032, 0.2247940128
24814800, 0.593315208, 0.2373260832
24818400, 0.751924224, 0.3007696896
24822000, 1.073058528, 0.4292234112
24825600, 1.210128048, 0.4840512192
24829200, 1.122990996, 0.4491963984
24832800, 1.09166082, 0.436664328
24836400, 1.11124218, 0.444496872
24840000, 1.169007192, 0.4676028768
24843600, 1.0280214, 0.41120856
24847200, 0.957528504, 0.3830114016
24850800, 0.833186868, 0.3332747472
24854400, 0.86647518, 0.346590072
24858000, 0.931093668, 0.3724374672
24861600, 1.172923464, 0.4691693856
24865200, 1.544969304, 0.6179877216
24868800, 1.68399696, 0.673598784
24872400, 1.45391598, 0.581566392
24876000, 1.129844472, 0.4519377888
24879600, 0.826333392, 0.3305333568
24883200, 0.642787632, 0.2571150528
24886800, 0.58264376, 0.233057504
24890400, 0.54505384, 0.218021536
24894000, 0.539415352, 0.2157661408
24897600, 0.55445132, 0.221780528
24901200, 0.5873425, 0.234937
24904800, 0.741461172, 0.2965844688
24908400, 1.079770452, 0.4319081808
24912000, 1.129577096, 0.4518308384
24915600, 1.030903556, 0.4123614224
24919200, 0.9632417, 0.38529668
24922800, 1.026204816, 0.4104819264
24926400, 1.107962892, 0.4431851568
24930000, 0.997072628, 0.3988290512
24933600, 0.904977324, 0.3619909296
24937200, 0.800665296, 0.3202661184
24940800, 0.825098744, 0.3300394976
24944400, 0.898399088, 0.3593596352
24948000, 1.13239634, 0.452958536
24951600, 1.532728988, 0.6130915952
24955200, 1.613547316, 0.6454189264
24958800, 1.398345024, 0.5593380096
24962400, 1.117360372, 0.4469441488
24966000, 0.832616728, 0.3330466912
24969600, 0.681374314, 0.2725497256
24973200, 0.592204418, 0.2368817672
24976800, 0.555373374, 0.2221493496
24980400, 0.541804042, 0.2167216168
24984000, 0.555373374, 0.2221493496
24987600, 0.583481276, 0.2333925104
24991200, 0.74631326, 0.298525304
24994800, 1.018669138, 0.4074676552
24998400, 1.087485036, 0.4349940144
25002000, 1.078761894, 0.4315047576
25005600, 1.028361518, 0.4113446072
25009200, 1.0661618, 0.42646472
25012800, 1.180531884, 0.4722127536
25016400, 1.044838564, 0.4179354256
25020000, 0.96439181, 0.385756724
25023600, 0.8723142, 0.34892568
25027200, 0.863591058, 0.3454364232
25030800, 0.917868386, 0.3671473544
25034400, 1.15339322, 0.461357288
25038000, 1.517826708, 0.6071306832
25041600, 1.65255079, 0.661020316
25045200, 1.486811092, 0.5947244368
25048800, 1.154362458, 0.4617449832
25052400, 0.873283438, 0.3493133752
25056000, 0.68597672, 0.274390688
25059600, 0.60442704, 0.241770816
25063200, 0.563172496, 0.2252689984
25066800, 0.543024928, 0.2172099712
25070400, 0.564131904, 0.2256527616
25074000, 0.596751776, 0.2387007104
25077600, 0.77232344, 0.308929376
25081200, 1.104278608, 0.4417114432
25084800, 1.137857888, 0.4551431552
25088400, 1.032323008, 0.4129292032
25092000, 0.993946688, 0.3975786752
25095600, 1.046714128, 0.4186856512
25099200, 1.121547952, 0.4486191808
25102800, 1.024647744, 0.4098590976
25106400, 0.891290032, 0.3565160128
25110000, 0.800146272, 0.3200585088
25113600, 0.827969104, 0.3311876416
25117200, 0.900884112, 0.3603536448
25120800, 1.163761904, 0.4655047616
25124400, 1.555200368, 0.6220801472
25128000, 1.658816432, 0.6635265728
25131600, 1.436233776, 0.5744935104
25135200, 1.128263808, 0.4513055232
25138800, 0.845238448, 0.3380953792
25142400, 0.678746755, 0.271498702
25146000, 0.58676253, 0.234705012
25149600, 0.560619645, 0.224247858
25153200, 0.543191055, 0.217276422
25156800, 0.56933394, 0.227733576
25160400, 0.58676253, 0.234705012
25164000, 0.75717541, 0.302870164
25167600, 1.09412815, 0.43765126
25171200, 1.139636135, 0.455854454
25174800, 1.07669956, 0.430679824
25178400, 0.97793755, 0.39117502
25182000, 1.044747145, 0.417898858
25185600, 1.164810765, 0.465924306
25189200, 1.0457154, 0.41828616
25192800, 0.97212802, 0.388851208
25196400, 0.86174695, 0.34469878
25200000, 0.88692158, 0.354768632
25203600, 0.96244547, 0.384978188
25207200, 1.16577902, 0.466311608
25210800, 1.46206505, 0.58482602
25214400, 1.606335045, 0.642534018
25218000, 1.44269995, 0.57707998
25221600, 1.135763115, 0.454305246
25225200, 0.895635875, 0.35825435
25228800, 0.718793192, 0.2875172768
25232400, 0.638029912, 0.2552119648
25236000, 0.576447911, 0.2305791644
25239600, 0.563323878, 0.2253295512
25243200, 0.564333419, 0.2257333676
25246800, 0.59562919, 0.238251676
25250400, 0.649134863, 0.2596539452
25254000, 0.855081227, 0.3420324908
25257600, 1.122609592, 0.4490438368
25261200, 1.202363331, 0.4809453324
25264800, 1.178134347, 0.4712537388
25268400, 1.215487364, 0.4861949456
25272000, 1.391147498, 0.5564589992
25275600, 1.212458741, 0.4849834964
25279200, 1.154914904, 0.4619659616
25282800, 1.023674574, 0.4094698296
25286400, 0.962092573, 0.3848370292
25290000, 1.007521918, 0.4030087672
25293600, 1.209430118, 0.4837720472
25297200, 1.505225631, 0.6020902524
25300800, 1.53450232, 0.613800928
25304400, 1.346727694, 0.5386910776
25308000, 1.131695461, 0.4526781844
25311600, 0.924739556, 0.3698958224
25315200, 0.758022756, 0.3032091024
25318800, 0.663005976, 0.2652023904
25322400, 0.60705165, 0.24282066
25326000, 0.572212164, 0.2288848656
25329600, 0.565877712, 0.2263510848
25333200, 0.588048294, 0.2352193176
25336800, 0.626055006, 0.2504220024
25340400, 0.748521078, 0.2994084312
25344000, 1.010345094, 0.4041380376
25347600, 1.258444464, 0.5033777856
25351200, 1.428418926, 0.5713675704
25354800, 1.469592864, 0.5878371456
25358400, 1.49387493, 0.597549972
25362000, 1.296451176, 0.5185804704
25365600, 1.17715233, 0.470860932
25369200, 1.070522388, 0.4282089552
25372800, 1.000843416, 0.4003373664
25376400, 1.046240322, 0.4184961288
25380000, 1.27744782, 0.510979128
25383600, 1.559330934, 0.6237323736
25387200, 1.658570682, 0.6634282728
25390800, 1.452700992, 0.5810803968
25394400, 1.154981748, 0.4619926992
25398000, 0.873098634, 0.3492394536
25401600, 0.692584539, 0.2770338156
25405200, 0.605377701, 0.2421510804
25408800, 0.571914612, 0.2287658448
25412400, 0.554676051, 0.2218704204
25416000, 0.57799881, 0.231199524
25419600, 0.610447866, 0.2441791464
25423200, 0.776749278, 0.3106997112
25426800, 1.109352102, 0.4437408408
25430400, 1.256386887, 0.5025547548
25434000, 1.157011653, 0.4628046612
25437600, 1.129632762, 0.4518531048
25441200, 1.149913422, 0.4599653688
25444800, 1.210755402, 0.4843021608
25448400, 1.066762716, 0.4267050864
25452000, 0.98361201, 0.393444804
25455600, 0.859899984, 0.3439599936
25459200, 0.904517436, 0.3618069744
25462800, 0.980569911, 0.3922279644
25466400, 1.259428986, 0.5037715944
25470000, 1.637663295, 0.655065318
25473600, 1.740080628, 0.6960322512
25477200, 1.49062851, 0.596251404
25480800, 1.157011653, 0.4628046612
25484400, 0.842661423, 0.3370645692
25488000, 0.6648336, 0.26593344
25491600, 0.59301216, 0.237204864
25495200, 0.5629248, 0.22516992
25498800, 0.55030752, 0.220123008
25502400, 0.57457152, 0.229828608
25506000, 0.6017472, 0.24069888
25509600, 0.77062464, 0.308249856
25513200, 1.12293792, 0.449175168
25516800, 1.17146592, 0.468586368
25520400, 1.07440992, 0.429763968
25524000, 0.98900064, 0.395600256
25527600, 1.05693984, 0.422775936
25531200, 1.14429024, 0.457716096
25534800, 1.0239408, 0.40957632
25538400, 0.9171792, 0.36687168
25542000, 0.81818208, 0.327272832
25545600, 0.84632832, 0.338531328
25549200, 0.93756096, 0.375024384
25552800, 1.1986416, 0.47945664
25556400, 1.60918848, 0.643675392
25560000, 1.66645152, 0.666580608
25563600, 1.43934048, 0.575736192
25567200, 1.140408, 0.4561632
25570800, 0.85797504, 0.343190016
25574400, 0.6907152, 0.27628608
25578000, 0.598948752, 0.2395795008
25581600, 0.560466048, 0.2241864192
25585200, 0.550598688, 0.2202394752
25588800, 0.56243952, 0.224975808
25592400, 0.591054864, 0.2364219456
25596000, 0.757813248, 0.3031252992
25599600, 1.033112592, 0.4132450368
25603200, 1.104157584, 0.4416630336
25606800, 1.098237168, 0.4392948672
25610400, 1.052847312, 0.4211389248
25614000, 1.083436128, 0.4333744512
25617600, 1.187043408, 0.4748173632
25621200, 1.062714672, 0.4250858688
25624800, 0.970948224, 0.3883792896
25628400, 0.872274624, 0.3489098496
25632000, 0.87326136, 0.349304544
25635600, 0.95220024, 0.380880096
25639200, 1.215658752, 0.4862635008
25642800, 1.576804128, 0.6307216512
25646400, 1.693238976, 0.6772955904
25650000, 1.500825456, 0.6003301824
25653600, 1.166321952, 0.4665287808
25657200, 0.882141984, 0.3528567936
25660800, 0.705055224, 0.2820220896
25664400, 0.612492108, 0.2449968432
25668000, 0.575072976, 0.2300291904
25671600, 0.554393982, 0.2217575928
25675200, 0.578027118, 0.2312108472
25678800, 0.608553252, 0.2434213008
25682400, 0.786786486, 0.3147145944
25686000, 1.12749753, 0.450999012
25689600, 1.170824946, 0.4683299784
25693200, 1.054628694, 0.4218514776
25696800, 1.011301278, 0.4045205112
25700400, 1.074322974, 0.4297291896
25704000, 1.144237668, 0.4576950672
25707600, 1.039857984, 0.4159431936
25711200, 0.909875736, 0.3639502944
25714800, 0.81731262, 0.326925048
25718400, 0.848823468, 0.3395293872
25722000, 0.94532544, 0.378130176
25725600, 1.223999502, 0.4895998008
25729200, 1.630686384, 0.6522745536
25732800, 1.702570506, 0.6810282024
25736400, 1.459346148, 0.5837384592
25740000, 1.153100094, 0.4612400376
25743600, 0.859655322, 0.3438621288
25747200, 0.697371624, 0.2789486496
25750800, 0.60186852, 0.240747408
25754400, 0.575008272, 0.2300033088
25758000, 0.556106616, 0.2224426464
25761600, 0.589930632, 0.2359722528
25765200, 0.600873696, 0.2403494784
25768800, 0.777952368, 0.3111809472
25772400, 1.12415112, 0.449660448
25776000, 1.179861264, 0.4719445056
25779600, 1.11420288, 0.445681152
25783200, 1.002782592, 0.4011130368
25786800, 1.058492736, 0.4233970944
25790400, 1.181850912, 0.4727403648
25794000, 1.062472032, 0.4249888128
25797600, 0.978906816, 0.3915627264
25801200, 0.886388184, 0.3545552736
25804800, 0.917227728, 0.3668910912
25808400, 0.998803296, 0.3995213184
25812000, 1.229602464, 0.4918409856
25815600, 1.535013432, 0.6140053728
25819200, 1.638475128, 0.6553900512
25822800, 1.466370576, 0.5865482304
25826400, 1.16394408, 0.465577632
25830000, 0.919217376, 0.3676869504
25833600, 0.739666809, 0.2958667236
25837200, 0.654360651, 0.2617442604
25840800, 0.590901192, 0.2363604768
25844400, 0.578417364, 0.2313669456
25848000, 0.581538321, 0.2326153284
25851600, 0.612747891, 0.2450991564
25855200, 0.662683203, 0.2650732812
25858800, 0.876988917, 0.3507955668
25862400, 1.152673452, 0.4610693808
25866000, 1.232778015, 0.493111206
25869600, 1.214052273, 0.4856209092
25873200, 1.243181205, 0.497272482
25876800, 1.409632245, 0.563852898
25880400, 1.254624714, 0.5018498856
25884000, 1.193245893, 0.4772983572
25887600, 1.05072219, 0.420288876
25891200, 0.986222412, 0.3944889648
25894800, 1.058004423, 0.4232017692
25898400, 1.276471413, 0.5105885652
25902000, 1.576083285, 0.630433314
25905600, 1.565680095, 0.626272038
25909200, 1.379462994, 0.5517851976
25912800, 1.158915366, 0.4635661464
25916400, 0.948770928, 0.3795083712
25920000, 0.780700266, 0.3122801064
25923600, 0.686234448, 0.2744937792
25927200, 0.627600492, 0.2510401968
25930800, 0.584167932, 0.2336671728
25934400, 0.58633956, 0.234535824
25938000, 0.603712584, 0.2414850336
25941600, 0.648230958, 0.2592923832
25945200, 0.769842126, 0.3079368504
25948800, 1.040209812, 0.4160839248
25952400, 1.283432148, 0.5133728592
25956000, 1.46041983, 0.584167932
25959600, 1.512538902, 0.6050155608
25963200, 1.521225414, 0.6084901656
25966800, 1.33012215, 0.53204886
25970400, 1.193309586, 0.4773238344
25974000, 1.101015396, 0.4404061584
25977600, 1.030437486, 0.4121749944
25981200, 1.104272838, 0.4417091352
25984800, 1.345323546, 0.5381294184
25988400, 1.630892628, 0.6523570512
25992000, 1.687354956, 0.6749419824
25995600, 1.474535412, 0.5898141648
25999200, 1.17267912, 0.469071648
26002800, 0.889281666, 0.3557126664
26006400, 0.717312501, 0.2869250004
26010000, 0.624385554, 0.2497542216
26013600, 0.589929495, 0.235971798
26017200, 0.568002912, 0.2272011648
26020800, 0.599326602, 0.2397306408
26024400, 0.6264738, 0.25058952
26028000, 0.798754095, 0.319501638
26031600, 1.146447054, 0.4585788216
26035200, 1.283227167, 0.5132908668
26038800, 1.195520835, 0.478208334
26042400, 1.162108899, 0.4648435596
26046000, 1.187167851, 0.4748671404
26049600, 1.231021017, 0.4924084068
26053200, 1.087976166, 0.4351904664
26056800, 1.009666941, 0.4038667764
26060400, 0.88750455, 0.35500182
26064000, 0.92926947, 0.371707788
26067600, 1.028461155, 0.411384462
26071200, 1.331256825, 0.53250273
26074800, 1.705052859, 0.6820211436
26078400, 1.773964977, 0.7095859908
26082000, 1.520243088, 0.6080972352
26085600, 1.185079605, 0.474031842
26089200, 0.86662209, 0.346648836
26092800, 0.688275888, 0.2753103552
26096400, 0.614246214, 0.2456984856
26100000, 0.58023258, 0.232093032
26103600, 0.568227768, 0.2272911072
26107200, 0.596238996, 0.2384955984
26110800, 0.625250625, 0.25010025
26114400, 0.795318795, 0.318127518
26118000, 1.162465962, 0.4649863848
26121600, 1.216487616, 0.4865950464
26125200, 1.107443907, 0.4429775628
26128800, 1.016407416, 0.4065629664
26132400, 1.084434684, 0.4337738736
26136000, 1.162465962, 0.4649863848
26139600, 1.051421451, 0.4205685804
26143200, 0.932373732, 0.3729494928
26146800, 0.846339246, 0.3385356984
26150400, 0.875350875, 0.35014035
26154000, 0.985394985, 0.394157994
26157600, 1.254502854, 0.5018011416
26161200, 1.667668467, 0.6670673868
26164800, 1.693678893, 0.6774715572
26168400, 1.463586663, 0.5854346652
26172000, 1.167467967, 0.4669871868
26175600, 0.89035689, 0.356142756
26179200, 0.709320744, 0.2837282976
26182800, 0.616579095, 0.246631638
26186400, 0.577851813, 0.2311407252
26190000, 0.568679562, 0.2274718248
26193600, 0.582947508, 0.2331790032
26197200, 0.617598234, 0.2470392936
26200800, 0.777603057, 0.3110412228
26204400, 1.067038533, 0.4268154132
26208000, 1.133282568, 0.4533130272
26211600, 1.140416541, 0.4561666164
26215200, 1.084363896, 0.4337455584
26218800, 1.108823232, 0.4435292928
26222400, 1.216851966, 0.4867407864
26226000, 1.097612703, 0.4390450812
26229600, 0.994679664, 0.3978718656
26233200, 0.89684232, 0.358736928
26236800, 0.899899737, 0.3599598948
26240400, 1.007928471, 0.4031713884
26244000, 1.286153418, 0.5144613672
26247600, 1.648966902, 0.6595867608
26251200, 1.736612856, 0.6946451424
26254800, 1.546033863, 0.6184135452
26258400, 1.200545742, 0.4802182968
26262000, 0.901938015, 0.360775206
26265600, 0.73146906, 0.292587624
26269200, 0.6376125, 0.255045
26272800, 0.59578512, 0.238314048
26276400, 0.57334116, 0.229336464
26280000, 0.60394656, 0.241578624
26283600, 0.62945106, 0.251780424
26287200, 0.81512382, 0.326049528
26290800, 1.17116664, 0.468466656
26294400, 1.20993348, 0.483973392
26298000, 1.09261278, 0.437045112
26301600, 1.04262396, 0.417049584
26305200, 1.09975404, 0.439901616
26308800, 1.18034826, 0.472139304
26312400, 1.06914864, 0.427659456
26316000, 0.93040416, 0.372161664
26319600, 0.84980994, 0.339923976
26323200, 0.8824557, 0.35298228
26326800, 1.00385712, 0.401542848
26330400, 1.30889094, 0.523556376
26334000, 1.6985997, 0.67943988
26337600, 1.76185086, 0.704740344
26341200, 1.49762424, 0.599049696
26344800, 1.18952988, 0.475811952
26348400, 0.88959696, 0.355838784
26352000, 0.711195585, 0.284478234
26355600, 0.617051709, 0.2468206836
26359200, 0.594539043, 0.2378156172
26362800, 0.57304968, 0.229219872
26366400, 0.610911891, 0.2443647564
26370000, 0.623191527, 0.2492766108
26373600, 0.800222946, 0.3200891784
26377200, 1.151215875, 0.46048635
26380800, 1.204427631, 0.4817710524
26384400, 1.133819724, 0.4535278896
26388000, 1.035582636, 0.4142330544
26391600, 1.102097331, 0.4408389324
26395200, 1.200334419, 0.4801337676
26398800, 1.085724483, 0.4342897932
26402400, 1.000790334, 0.4003161336
26406000, 0.909716367, 0.3638865468
26409600, 0.942462063, 0.3769848252
26413200, 1.045815666, 0.4183262664
26416800, 1.293454992, 0.5173819968
26420400, 1.602492498, 0.6409969992
26424000, 1.666960587, 0.6667842348
26427600, 1.499138895, 0.599655558
26431200, 1.191124692, 0.4764498768
26434800, 0.945531972, 0.3782127888
26438400, 0.75758775, 0.3030351
26442000, 0.666890625, 0.26675625
26445600, 0.605003175, 0.24200127
26449200, 0.594332925, 0.23773317
26452800, 0.6018021, 0.24072084
26456400, 0.6274107, 0.25096428
26460000, 0.677560875, 0.27102435
26463600, 0.9005691, 0.36022764
26467200, 1.172660475, 0.46906419
26470800, 1.2761619, 0.51046476
26474400, 1.23988305, 0.49595322
26478000, 1.264424625, 0.50576985
26481600, 1.428746475, 0.57149859
26485200, 1.27829595, 0.51131838
26488800, 1.215341475, 0.48613659
26492400, 1.087298475, 0.43491939
26496000, 1.001936475, 0.40077459
26499600, 1.10330385, 0.44132154
26503200, 1.3401834, 0.53607336
26506800, 1.648553625, 0.65942145
26510400, 1.60267155, 0.64106862
26514000, 1.396735725, 0.55869429
26517600, 1.1865318, 0.47461272
26521200, 0.97099275, 0.3883971
26524800, 0.792334248, 0.3169336992
26528400, 0.699969441, 0.2799877764
26532000, 0.643215162, 0.2572860648
26535600, 0.599814831, 0.2399259324
26539200, 0.599814831, 0.2399259324
26542800, 0.622071411, 0.2488285644
26546400, 0.662133255, 0.264853302
26550000, 0.788995761, 0.3155983044
26553600, 1.052736234, 0.4210944936
26557200, 1.318702365, 0.527480946
26560800, 1.481175399, 0.5924701596
26564400, 1.554622113, 0.6218488452
26568000, 1.559073429, 0.6236293716
26571600, 1.358764209, 0.5435056836
26575200, 1.219660584, 0.4878642336
26578800, 1.122844461, 0.4491377844
26582400, 1.05718755, 0.42287502
26586000, 1.160680647, 0.4642722588
26589600, 1.42442112, 0.569768448
26593200, 1.701515541, 0.6806062164
26596800, 1.707079686, 0.6828318744
26600400, 1.485626715, 0.594250686
26604000, 1.186275714, 0.4745102856
26607600, 0.896940174, 0.3587760696
26611200, 0.73656954, 0.294627816
26614800, 0.644095116, 0.2576380464
26618400, 0.606460176, 0.2425840704
26622000, 0.583879212, 0.2335516848
26625600, 0.6182883, 0.24731532
26629200, 0.647320968, 0.2589283872
26632800, 0.821516976, 0.3286067904
26636400, 1.163457288, 0.4653829152
26640000, 1.32259932, 0.529039728
26643600, 1.239802452, 0.4959209808
26647200, 1.190339388, 0.4761357552
26650800, 1.234426032, 0.4937704128
26654400, 1.2634587, 0.50538348
26658000, 1.106467236, 0.4425868944
26661600, 1.02689622, 0.410758488
26665200, 0.915066684, 0.3660266736
26668800, 0.966680316, 0.3866721264
26672400, 1.089262692, 0.4357050768
26676000, 1.416149028, 0.5664596112
26679600, 1.776369168, 0.7105476672
26683200, 1.796799564, 0.7187198256
26686800, 1.535505552, 0.6142022208
26690400, 1.218296772, 0.4873187088
26694000, 0.886034016, 0.3544136064
26697600, 0.711198621, 0.2844794484
26701200, 0.62783091, 0.251132364
26704800, 0.595924749, 0.2383698996
26708400, 0.583573977, 0.2334295908
26712000, 0.614450907, 0.2457803628
26715600, 0.639152451, 0.2556609804
26719200, 0.822355569, 0.3289422276
26722800, 1.185674112, 0.4742696448
26726400, 1.257720282, 0.5030881128
26730000, 1.138329486, 0.4553317944
26733600, 1.042611003, 0.4170444012
26737200, 1.115686404, 0.4462745616
26740800, 1.196995653, 0.4787982612
26744400, 1.076575626, 0.4306302504
26748000, 0.952038675, 0.38081547
26751600, 0.869700195, 0.347880078
26755200, 0.894401739, 0.3577606956
26758800, 1.03952331, 0.415809324
26762400, 1.336971069, 0.5347884276
26766000, 1.727049618, 0.6908198472
26769600, 1.735283466, 0.6941133864
26773200, 1.490326488, 0.5961305952
26776800, 1.194937191, 0.4779748764
26780400, 0.90572328, 0.362289312
26784000, 0.728571312, 0.2914285248
26787600, 0.63240408, 0.252961632
26791200, 0.592682832, 0.2370731328
26794800, 0.581184576, 0.2324738304
26798400, 0.599999904, 0.2399999616
26802000, 0.635539968, 0.2542159872
26805600, 0.798606144, 0.3194424576
26809200, 1.095470208, 0.4381880832
26812800, 1.169686224, 0.4678744896
26816400, 1.162369152, 0.4649476608
26820000, 1.10278728, 0.441114912
26823600, 1.121602608, 0.4486410432
26827200, 1.23344928, 0.493379712
26830800, 1.135191456, 0.4540765824
26834400, 1.016027712, 0.4064110848
26838000, 0.908362224, 0.3633448896
26841600, 0.927177552, 0.3708710208
26845200, 1.057839552, 0.4231358208
26848800, 1.3588848, 0.54355392
26852400, 1.716376032, 0.6865504128
26856000, 1.764459648, 0.7057838592
26859600, 1.567944, 0.6271776
26863200, 1.215679248, 0.4862716992
26866800, 0.91986048, 0.367944192
26870400, 0.748152405, 0.299260962
26874000, 0.655025742, 0.2620102968
26877600, 0.610031961, 0.2440127844
26881200, 0.588058254, 0.2352233016
26884800, 0.619449264, 0.2477797056
26888400, 0.649793907, 0.2599175628
26892000, 0.840232701, 0.3360930804
26895600, 1.201229316, 0.4804917264
26899200, 1.237852161, 0.4951408644
26902800, 1.113334488, 0.4453337952
26906400, 1.066247973, 0.4264991892
26910000, 1.116473589, 0.4465894356
26913600, 1.195997481, 0.4783989924
26917200, 1.095546249, 0.4382184996
26920800, 0.95219397, 0.380877588
26924400, 0.866391876, 0.3465567504
26928000, 0.913478391, 0.3653913564
26931600, 1.046367, 0.4185468
26935200, 1.368648036, 0.5474592144
26938800, 1.742201055, 0.696880422
26942400, 1.787194836, 0.7148779344
26946000, 1.532927655, 0.613171062
26949600, 1.217971188, 0.4871884752
26953200, 0.923942061, 0.3695768244
26956800, 0.732743928, 0.2930975712
26960400, 0.641150937, 0.2564603748
26964000, 0.611672733, 0.2446690932
26967600, 0.588511287, 0.2354045148
26971200, 0.628517421, 0.2514069684
26974800, 0.645362109, 0.2581448436
26978400, 0.82117854, 0.328471416
26982000, 1.184392125, 0.47375685
26985600, 1.241242947, 0.4964971788
26989200, 1.164389058, 0.4657556232
26992800, 1.06332093, 0.425328372
26996400, 1.118066166, 0.4472264664
27000000, 1.218081501, 0.4872326004
27003600, 1.103327064, 0.4413308256
27007200, 1.019103624, 0.4076414496
27010800, 0.934880184, 0.3739520736
27014400, 0.976991904, 0.3907967616
27018000, 1.109643822, 0.4438575288
27021600, 1.352839005, 0.541135602
27025200, 1.66341294, 0.665365176
27028800, 1.699207902, 0.6796831608
27032400, 1.530761022, 0.6123044088
27036000, 1.214923122, 0.4859692488
27039600, 0.971727939, 0.3886911756
27043200, 0.789074244, 0.3156296976
27046800, 0.692093052, 0.2768372208
27050400, 0.623765394, 0.2495061576
27054000, 0.61715304, 0.246861216
27057600, 0.623765394, 0.2495061576
27061200, 0.655725105, 0.262290042
27064800, 0.703113642, 0.2812454568
27068400, 0.931239855, 0.372495942
27072000, 1.2122649, 0.48490596
27075600, 1.314756387, 0.5259025548
27079200, 1.282796676, 0.5131186704
27082800, 1.30042962, 0.520171848
27086400, 1.452513762, 0.5810055048
27090000, 1.304837856, 0.5219351424
27093600, 1.249734906, 0.4998939624
27097200, 1.118589885, 0.447435954
27100800, 1.037037519, 0.4148150076
27104400, 1.167080481, 0.4668321924
27108000, 1.413941697, 0.5655766788
27111600, 1.712599686, 0.6850398744
27115200, 1.646476146, 0.6585904584
27118800, 1.423860228, 0.5695440912
27122400, 1.206754605, 0.482701842
27126000, 0.992955159, 0.3971820636
27129600, 0.81707661, 0.326830644
27133200, 0.7219611, 0.28878444
27136800, 0.66351663, 0.265406652
27140400, 0.61767783, 0.247071132
27144000, 0.62226171, 0.248904684
27147600, 0.6417432, 0.25669728
27151200, 0.68414409, 0.273657636
27154800, 0.81822258, 0.327289032
27158400, 1.08294165, 0.43317666
27162000, 1.34766072, 0.539064288
27165600, 1.50465861, 0.601863444
27169200, 1.60550397, 0.642201588
27172800, 1.60206606, 0.640826424
27176400, 1.39120758, 0.556483032
27180000, 1.26285894, 0.505143576
27183600, 1.15169985, 0.46067994
27187200, 1.08981747, 0.435926988
27190800, 1.22160402, 0.488641608
27194400, 1.50351264, 0.601405056
27198000, 1.77052365, 0.70820946
27201600, 1.73729052, 0.694916208
27205200, 1.50465861, 0.601863444
27208800, 1.20899835, 0.48359934
27212400, 0.916776, 0.3667104
27216000, 0.756226296, 0.3024905184
27219600, 0.6633564, 0.26534256
27223200, 0.620238234, 0.2480952936
27226800, 0.600337542, 0.2401350168
27230400, 0.634610956, 0.2538443824
27234000, 0.665567588, 0.2662270352
27237600, 0.846885004, 0.3387540016
27241200, 1.18298558, 0.473194232
27244800, 1.351035868, 0.5404143472
27248400, 1.261482754, 0.5045931016
27252000, 1.226103746, 0.4904414984
27255600, 1.26590513, 0.506362052
27259200, 1.296861762, 0.5187447048
27262800, 1.140973008, 0.4563892032
27266400, 1.041469548, 0.4165878192
27270000, 0.943071682, 0.3772286728
27273600, 0.996140194, 0.3984560776
27277200, 1.132128256, 0.4528513024
27280800, 1.500291058, 0.6001164232
27284400, 1.83528604, 0.734114416
27288000, 1.839708416, 0.7358833664
27291600, 1.571049074, 0.6284196296
27295200, 1.248215626, 0.4992862504
27298800, 0.911009456, 0.3644037824
27302400, 0.73601129, 0.294404516
27306000, 0.645865815, 0.258346326
27309600, 0.611928695, 0.244771478
27313200, 0.59814174, 0.239256696
27316800, 0.633139395, 0.253255758
27320400, 0.65541063, 0.262164252
27324000, 0.848428, 0.3393712
27327600, 1.220675785, 0.488270314
27331200, 1.288550025, 0.51542001
27334800, 1.169770105, 0.467908042
27338400, 1.067958745, 0.427183498
27342000, 1.13901459, 0.455605836
27345600, 1.2302206, 0.49208824
27349200, 1.095532655, 0.438213062
27352800, 0.983115945, 0.393246378
27356400, 0.89721261, 0.358885044
27360000, 0.93539187, 0.374156748
27363600, 1.09659319, 0.438637276
27367200, 1.411572085, 0.564628834
27370800, 1.780638265, 0.712255306
27374400, 1.767911845, 0.707164738
27378000, 1.52504933, 0.610019732
27381600, 1.2302206, 0.49208824
27385200, 0.92902866, 0.371611464
27388800, 0.749764176, 0.2999056704
27392400, 0.647864896, 0.2591459584
27396000, 0.607105184, 0.2428420736
27399600, 0.592088448, 0.2368353792
27403200, 0.615686176, 0.2462744704
27406800, 0.645719648, 0.2582878592
27410400, 0.818412112, 0.3273648448
27414000, 1.12089208, 0.448356832
27417600, 1.202411504, 0.4809646016
27421200, 1.186322144, 0.4745288576
27424800, 1.1262552, 0.45050208
27428400, 1.144489808, 0.4577959232
27432000, 1.258187952, 0.5032751808
27435600, 1.160579168, 0.4642316672
27439200, 1.046881024, 0.4187524096
27442800, 0.928892384, 0.3715569536
27446400, 0.962143728, 0.3848574912
27450000, 1.11016584, 0.444066336
27453600, 1.436243536, 0.5744974144
27457200, 1.776265344, 0.7105061376
27460800, 1.797717824, 0.7190871296
27464400, 1.59284664, 0.637138656
27468000, 1.243171216, 0.4972684864
27471600, 0.937473376, 0.3749893504
27475200, 0.769071408, 0.3076285632
27478800, 0.674680496, 0.2698721984
27482400, 0.614613552, 0.2458454208
27486000, 0.60066944, 0.240267776
27489600, 0.629630288, 0.2518521152
27493200, 0.66502688, 0.266010752
27496800, 0.855953952, 0.3423815808
27500400, 1.227081856, 0.4908327424
27504000, 1.267841568, 0.5071366272
27507600, 1.135908816, 0.4543635264
27511200, 1.098366976, 0.4393467904
27514800, 1.141271936, 0.4565087744
27518400, 1.22815448, 0.491261792
27522000, 1.117674208, 0.4470696832
27525600, 0.979305712, 0.3917222848
27529200, 0.898858912, 0.3595435648
27532800, 0.948199616, 0.3792798464
27536400, 1.108020592, 0.4432082368
27540000, 1.440534032, 0.5762136128
27543600, 1.788064208, 0.7152256832
27547200, 1.811661936, 0.7246647744
27550800, 1.561740544, 0.6246962176
27554400, 1.241025968, 0.4964103872
27558000, 0.940691248, 0.3762764992
27561600, 0.747765095, 0.299106038
27565200, 0.657387731, 0.2629550924
27568800, 0.621882338, 0.2487529352
27572400, 0.604667602, 0.2418670408
27576000, 0.639097074, 0.2556388296
27579600, 0.662767336, 0.2651069344
27583200, 0.837066538, 0.3348266152
27586800, 1.20503152, 0.482012608
27590400, 1.267434938, 0.5069739752
27594000, 1.196424152, 0.4785696608
27597600, 1.106046788, 0.4424187152
27601200, 1.15123547, 0.460494188
27604800, 1.224398098, 0.4897592392
27608400, 1.115730077, 0.4462920308
27612000, 1.027504555, 0.411001822
27615600, 0.945734559, 0.3782938236
27619200, 1.001682451, 0.4006729804
27622800, 1.154463233, 0.4617852932
27626400, 1.411608352, 0.5646433408
27630000, 1.707486627, 0.6829946508
27633600, 1.717169916, 0.6868679664
27637200, 1.546098477, 0.6184393908
27640800, 1.240536913, 0.4962147652
27644400, 0.995226925, 0.39809077
27648000, 0.808916752, 0.3235667008
27651600, 0.703847956, 0.2815391824
27655200, 0.636061636, 0.2544246544
27658800, 0.630412776, 0.2521651104
27662400, 0.639450952, 0.2557803808
27666000, 0.669954796, 0.2679819184
27669600, 0.72305408, 0.289221632
27673200, 0.953527568, 0.3814110272
27676800, 1.234840796, 0.4939363184
27680400, 1.337650048, 0.5350600192
27684000, 1.311665292, 0.5246661168
27687600, 1.31618438, 0.526473752
27691200, 1.475482232, 0.5901928928
27694800, 1.329741644, 0.5318966576
27698400, 1.28794008, 0.515176032
27702000, 1.148978124, 0.4595912496
27705600, 1.071023856, 0.4284095424
27709200, 1.224672848, 0.4898691392
27712800, 1.478871548, 0.5915486192
27716400, 1.757925232, 0.7031700928
27720000, 1.681100736, 0.6724402944
27723600, 1.45740588, 0.582962352
27727200, 1.234840796, 0.4939363184
27730800, 1.02809252, 0.411237008
27734400, 0.84902146, 0.339608584
27738000, 0.74201183, 0.296804732
27741600, 0.68439126, 0.273756504
27745200, 0.63382627, 0.253530508
27748800, 0.64088185, 0.25635274
27752400, 0.6585208, 0.26340832
27756000, 0.70320614, 0.281282456
27759600, 0.84196588, 0.336786352
27763200, 1.10302234, 0.441208936
27766800, 1.36995845, 0.54798338
27770400, 1.53341272, 0.613365088
27774000, 1.65100572, 0.660402288
27777600, 1.63101491, 0.652405964
27781200, 1.42169937, 0.568679748
27784800, 1.29234707, 0.516938828
27788400, 1.16064291, 0.464257164
27792000, 1.12654094, 0.450616376
27795600, 1.2817637, 0.51270548
27799200, 1.58515364, 0.634061456
27802800, 1.82151557, 0.728606228
27806400, 1.76859872, 0.707439488
27810000, 1.53811644, 0.615246576
27813600, 1.23707836, 0.494831344
27817200, 0.93839214, 0.375356856
27820800, 0.775493208, 0.3101972832
27824400, 0.687059772, 0.2748239088
27828000, 0.631505434, 0.2526021736
27831600, 0.616766528, 0.2467066112
27835200, 0.650779388, 0.2603117552
27838800, 0.679123438, 0.2716493752
27842400, 0.866194168, 0.3464776672
27846000, 1.20745653, 0.482982612
27849600, 1.38885845, 0.55554338
27853200, 1.301558776, 0.5206235104
27856800, 1.261877106, 0.5047508424
27860400, 1.29815749, 0.519262996
27864000, 1.310628872, 0.5242515488
27867600, 1.159838526, 0.4639354104
27871200, 1.06006747, 0.424026988
27874800, 0.970500272, 0.3882001088
27878400, 1.029455896, 0.4117823584
27882000, 1.180246242, 0.4720984968
27885600, 1.584999276, 0.6339997104
27889200, 1.879777396, 0.7519109584
27892800, 1.862770966, 0.7451083864
27896400, 1.602005706, 0.6408022824
27900000, 1.274348488, 0.5097393952
27903600, 0.930818602, 0.3723274408
27907200, 0.755669278, 0.3022677112
27910800, 0.662430314, 0.2649721256
27914400, 0.627736746, 0.2510946984
27918000, 0.60713744, 0.242854976
27921600, 0.648336052, 0.2593344208
27925200, 0.665682836, 0.2662731344
27928800, 0.870591722, 0.3482366888
27932400, 1.23595836, 0.494383344
27936000, 1.309682192, 0.5238728768
27939600, 1.195843922, 0.4783375688
27943200, 1.096099914, 0.4384399656
27946800, 1.161150354, 0.4644601416
27950400, 1.255473492, 0.5021893968
27954000, 1.112362524, 0.4449450096
27957600, 0.999608428, 0.3998433712
27961200, 0.909621986, 0.3638487944
27964800, 0.96491486, 0.385965944
27968400, 1.140551048, 0.4562204192
27972000, 1.48531838, 0.594127352
27975600, 1.818159798, 0.7272639192
27979200, 1.789971274, 0.7159885096
27982800, 1.554705516, 0.6218822064
27986400, 1.258726014, 0.5034904056
27990000, 0.945399728, 0.3781598912
27993600, 0.769339788, 0.3077359152
27997200, 0.663528012, 0.2654112048
28000800, 0.620541978, 0.2482167912
28004400, 0.609519918, 0.2438079672
28008000, 0.629359626, 0.2517438504
28011600, 0.664630218, 0.2658520872
28015200, 0.838778766, 0.3355115064
28018800, 1.147396446, 0.4589585784
28022400, 1.237777338, 0.4951109352
28026000, 1.208017776, 0.4832071104
28029600, 1.149600858, 0.4598403432
28033200, 1.174951596, 0.4699806384
28036800, 1.286274402, 0.5145097608
28040400, 1.183769244, 0.4735076976
28044000, 1.071344232, 0.4285376928
28047600, 0.955612602, 0.3822450408
28051200, 0.99749643, 0.398998572
28054800, 1.155111888, 0.4620447552
28058400, 1.516635456, 0.6066541824
28062000, 1.834070784, 0.7336283136
28065600, 1.825253136, 0.7301012544
28069200, 1.633469292, 0.6533877168
28072800, 1.281865578, 0.5127462312
28076400, 0.968839074, 0.3875356296
28080000, 0.790865488, 0.3163461952
28083600, 0.694069712, 0.2776278848
28087200, 0.6324724, 0.25298896
28090800, 0.620372928, 0.2481491712
28094400, 0.645671824, 0.2582687296
28098000, 0.685270096, 0.2741080384
28101600, 0.877761696, 0.3511046784
28105200, 1.24844552, 0.499378208
28108800, 1.29794336, 0.519177344
28112400, 1.157149504, 0.4628598016
28116000, 1.125250896, 0.4501003584
28119600, 1.172548832, 0.4690195328
28123200, 1.25394528, 0.501578112
28126800, 1.13845032, 0.455380128
28130400, 0.998756416, 0.3995025664
28134000, 0.915160064, 0.3660640256
28137600, 0.97345752, 0.389383008
28141200, 1.161549312, 0.4646197248
28144800, 1.511334048, 0.6045336192
28148400, 1.832520032, 0.7330080128
28152000, 1.851219216, 0.7404876864
28155600, 1.591630544, 0.6366522176
28159200, 1.256145184, 0.5024580736
28162800, 0.961358048, 0.3845432192
28166400, 0.771699726, 0.3086798904
28170000, 0.682147179, 0.2728588716
28173600, 0.639029286, 0.2556117144
28177200, 0.621339894, 0.2485359576
28180800, 0.656718678, 0.2626874712
28184400, 0.68546394, 0.274185576
28188000, 0.861252273, 0.3445009092
28191600, 1.232729505, 0.493091802
28195200, 1.30459266, 0.521837064
28198800, 1.229412744, 0.4917650976
28202400, 1.12769874, 0.451079496
28206000, 1.175238981, 0.4700955924
28209600, 1.237151853, 0.4948607412
28213200, 1.137649023, 0.4550596092
28216800, 1.063574694, 0.4254298776
28220400, 0.975127734, 0.3900510936
28224000, 1.03925178, 0.415700712
28227600, 1.209512178, 0.4838048712
28231200, 1.483697754, 0.5934791016
28234800, 1.763411265, 0.705364506
28238400, 1.73577159, 0.694308636
28242000, 1.573250301, 0.6293001204
28245600, 1.268108289, 0.5072433156
28249200, 1.022667975, 0.40906719
28252800, 0.836131443, 0.3344525772
28256400, 0.729440607, 0.2917762428
28260000, 0.656380578, 0.2625522312
28263600, 0.645943431, 0.2583773724
28267200, 0.659859627, 0.2639438508
28270800, 0.686532336, 0.2746129344
28274400, 0.74219712, 0.296878848
28278000, 0.97413372, 0.389653488
28281600, 1.265214153, 0.5060856612
28285200, 1.362627525, 0.54505101
28288800, 1.331316084, 0.5325264336
28292400, 1.352190378, 0.5408761512
28296000, 1.489032972, 0.5956131888
28299600, 1.355669427, 0.5422677708
28303200, 1.315080522, 0.5260322088
28306800, 1.174758879, 0.4699035516
28310400, 1.117934412, 0.4471737648
28314000, 1.295365911, 0.5181463644
28317600, 1.557454269, 0.6229817076
28321200, 1.798668333, 0.7194673332
28324800, 1.703574327, 0.6814297308
28328400, 1.490192655, 0.596077062
28332000, 1.261735104, 0.5046940416
28335600, 1.051832481, 0.4207329924
28339200, 0.8726361, 0.34905444
28342800, 0.771530676, 0.3086122704
28346400, 0.700516152, 0.2802064608
28350000, 0.653574348, 0.2614297392
28353600, 0.658388892, 0.2633555568
28357200, 0.683665248, 0.2734660992
28360800, 0.718570692, 0.2874282768
28364400, 0.864210648, 0.3456842592
28368000, 1.129010568, 0.4516042272
28371600, 1.404643212, 0.5618572848
28375200, 1.563523164, 0.6254092656
28378800, 1.663424952, 0.6653699808
28382400, 1.662221316, 0.6648885264
28386000, 1.43232684, 0.572930736
28389600, 1.30594506, 0.522378024
28393200, 1.187988732, 0.4751954928
28396800, 1.157897832, 0.4631591328
28400400, 1.328814144, 0.5315256576
28404000, 1.645370412, 0.6581481648
28407600, 1.872857616, 0.7491430464
28411200, 1.798232184, 0.7192928736
28414800, 1.57074498, 0.628297992
28418400, 1.266225072, 0.5064900288
28422000, 0.9629088, 0.38516352
28425600, 0.788965632, 0.3155862528
28429200, 0.69850368, 0.279401472
28432800, 0.637814016, 0.2551256064
28436400, 0.62407296, 0.249629184
28440000, 0.657280512, 0.2629122048
28443600, 0.6870528, 0.27482112
28447200, 0.867976704, 0.3471906816
28450800, 1.20806784, 0.483227136
28454400, 1.406168064, 0.5624672256
28458000, 1.324866816, 0.5299467264
28461600, 1.27677312, 0.510709248
28465200, 1.307690496, 0.5230761984
28468800, 1.314561024, 0.5258244096
28472400, 1.1737152, 0.46948608
28476000, 1.072947456, 0.4291789824
28479600, 0.981340416, 0.3925361664
28483200, 1.046610432, 0.4186441728
28486800, 1.217228544, 0.4868914176
28490400, 1.616864256, 0.6467457024
28494000, 1.884814848, 0.7539259392
28497600, 1.865348352, 0.7461393408
28501200, 1.615719168, 0.6462876672
28504800, 1.281353472, 0.5125413888
28508400, 0.942407424, 0.3769629696
28512000, 0.76750848, 0.307003392
28515600, 0.67682304, 0.270729216
28519200, 0.63922176, 0.255688704
28522800, 0.61710336, 0.246841344
28526400, 0.66244608, 0.264978432
28530000, 0.67682304, 0.270729216
28533600, 0.88805376, 0.355221504
28537200, 1.25079552, 0.500318208
28540800, 1.32931584, 0.531726336
28544400, 1.20987648, 0.483950592
28548000, 1.12140288, 0.448561152
28551600, 1.18112256, 0.472449024
28555200, 1.28176128, 0.512704512
28558800, 1.13467392, 0.453869568
28562400, 1.02187008, 0.408748032
28566000, 0.92454912, 0.369819648
28569600, 0.98758656, 0.395034624
28573200, 1.19107584, 0.476430336
28576800, 1.5538176, 0.62152704
28580400, 1.85683968, 0.742735872
28584000, 1.80486144, 0.721944576
28587600, 1.58478336, 0.633913344
28591200, 1.27844352, 0.511377408
28594800, 0.95440896, 0.381763584
28598400, 0.7951104, 0.31804416
28602000, 0.684930816, 0.2739723264
28605600, 0.640631808, 0.2562527232
28609200, 0.629273088, 0.2517092352
28612800, 0.650854656, 0.2603418624
28616400, 0.68720256, 0.274881024
28620000, 0.862126848, 0.3448507392
28623600, 1.180171008, 0.4720684032
28627200, 1.278991872, 0.5115967488
28630800, 1.24377984, 0.497511936
28634400, 1.180171008, 0.4720684032
28638000, 1.196073216, 0.4784292864
28641600, 1.32897024, 0.531588096
28645200, 1.23242112, 0.492968448
28648800, 1.097252352, 0.4389009408
28652400, 0.989344512, 0.3957378048
28656000, 1.024556544, 0.4098226176
28659600, 1.2210624, 0.48842496
28663200, 1.5902208, 0.63608832
28666800, 1.878732288, 0.7514929152
28670400, 1.869645312, 0.7478581248
28674000, 1.665188352, 0.6660753408
28677600, 1.324426752, 0.5297707008
28681200, 0.997295616, 0.3989182464
28684800, 0.811488384, 0.3245953536
28688400, 0.706816512, 0.2827266048
28692000, 0.644913792, 0.2579655168
28695600, 0.631407744, 0.2525630976
28699200, 0.662921856, 0.2651687424
28702800, 0.698937984, 0.2795751936
28706400, 0.902654208, 0.3610616832
28710000, 1.267317504, 0.5069270016
28713600, 1.320216192, 0.5280864768
28717200, 1.178402688, 0.4713610752
28720800, 1.13675904, 0.454703616
28724400, 1.19303424, 0.477213696
28728000, 1.263940992, 0.5055763968
28731600, 1.16489664, 0.465958656
28735200, 1.036589184, 0.4146356736
28738800, 0.937544832, 0.3750179328
28742400, 1.002824064, 0.4011296256
28746000, 1.212167808, 0.4848671232
28749600, 1.579082112, 0.6316328448
28753200, 1.866085632, 0.7464342528
28756800, 1.875089664, 0.7500358656
28760400, 1.62072576, 0.648290304
28764000, 1.290953088, 0.5163812352
28767600, 0.99044352, 0.396177408
28771200, 0.79140096, 0.316560384
28774800, 0.69205248, 0.276820992
28778400, 0.65028096, 0.260112384
28782000, 0.63108864, 0.252435456
28785600, 0.66834432, 0.267337728
28789200, 0.69543936, 0.278175744
28792800, 0.87381504, 0.349526016
28796400, 1.22379264, 0.489517056
28800000, 1.31862528, 0.527450112
28803600, 1.25766144, 0.503064576
28807200, 1.16057088, 0.464228352
28810800, 1.19556864, 0.478227456
28814400, 1.25201664, 0.500806656
28818000, 1.18427904, 0.473711616
28821600, 1.1063808, 0.44255232
28825200, 1.01154816, 0.404619264
28828800, 1.07589888, 0.430359552
28832400, 1.26556416, 0.506225664
28836000, 1.54893312, 0.619573248
28839600, 1.80294912, 0.721179648
28843200, 1.75214592, 0.700858368
28846800, 1.5861888, 0.63447552
28850400, 1.28588544, 0.514354176
28854000, 1.044288, 0.4177152
28857600, 0.851226624, 0.3404906496
28861200, 0.745417728, 0.2981670912
28864800, 0.674085888, 0.2696343552
28868400, 0.65981952, 0.263927808
28872000, 0.676463616, 0.2705854464
28875600, 0.708562944, 0.2834251776
28879200, 0.770383872, 0.3081535488
28882800, 0.999834624, 0.3999338496
28886400, 1.29586176, 0.518344704
28890000, 1.40285952, 0.561143808
28893600, 1.358871552, 0.5435486208
28897200, 1.375515648, 0.5502062592
28900800, 1.496779776, 0.5987119104
28904400, 1.381459968, 0.5525839872
28908000, 1.356493824, 0.5425975296
28911600, 1.20075264, 0.480301056
28915200, 1.154386944, 0.4617547776
28918800, 1.350549504, 0.5402198016
28922400, 1.638254592, 0.6553018368
28926000, 1.828472832, 0.7313891328
28929600, 1.750007808, 0.7000031232
28933200, 1.52174592, 0.608698368
28936800, 1.287539712, 0.5150158848
28940400, 1.072355328, 0.4289421312
28944000, 0.90683712, 0.362734848
28947600, 0.797029632, 0.3188118528
28951200, 0.723002112, 0.2892008448
28954800, 0.673650432, 0.2694601728
28958400, 0.6785856, 0.27143424
28962000, 0.695858688, 0.2783434752
28965600, 0.737807616, 0.2951230464
28969200, 0.887096448, 0.3548385792
28972800, 1.156063104, 0.4624252416
28976400, 1.43119872, 0.572479488
28980000, 1.575552384, 0.6302209536
28983600, 1.69029504, 0.676118016
28987200, 1.686593664, 0.6746374656
28990800, 1.459575936, 0.5838303744
28994400, 1.336196736, 0.5344786944
28998000, 1.214051328, 0.4856205312
29001600, 1.2029472, 0.48117888
29005200, 1.395418752, 0.5581675008
29008800, 1.71497088, 0.685988352
29012400, 1.895104512, 0.7580418048
29016000, 1.814908032, 0.7259632128
29019600, 1.606397184, 0.6425588736
29023200, 1.306585728, 0.5226342912
29026800, 1.003072896, 0.4012291584
29030400, 0.80969361, 0.323877444
29034000, 0.718163028, 0.2872652112
29037600, 0.652448764, 0.2609795056
29041200, 0.641887543, 0.2567550172
29044800, 0.673571206, 0.2694284824
29048400, 0.698214055, 0.279285622
29052000, 0.884795626, 0.3539182504
29055600, 1.191071035, 0.476428414
29059200, 1.4081628, 0.56326512
29062800, 1.355356695, 0.542142678
29066400, 1.32601997, 0.530407988
29070000, 1.350662819, 0.5402651276
29073600, 1.376479137, 0.5505916548
29077200, 1.221581229, 0.4886324916
29080800, 1.108928205, 0.443571282
29084400, 1.03265272, 0.413061088
29088000, 1.099540453, 0.4398161812
29091600, 1.287295493, 0.5149181972
29095200, 1.687448422, 0.6749793688
29098800, 1.910407532, 0.7641630128
29102400, 1.856427958, 0.7425711832
29106000, 1.6428566, 0.65714264
29109600, 1.294336307, 0.5177345228
29113200, 0.969285394, 0.3877141576
29116800, 0.789194978, 0.3156779912
29120400, 0.69634851, 0.278539404
29124000, 0.652189824, 0.2608759296
29127600, 0.631808892, 0.2527235568
29131200, 0.674835304, 0.2699341216
29134800, 0.694083962, 0.2776335848
29138400, 0.892231912, 0.3568927648
29142000, 1.23417866, 0.493671464
29145600, 1.323628306, 0.5294513224
29149200, 1.235310934, 0.4941243736
29152800, 1.157184028, 0.4628736112
29156400, 1.223988194, 0.4895952776
29160000, 1.33042195, 0.53216878
29163600, 1.173035864, 0.4692143456
29167200, 1.068866656, 0.4275466624
29170800, 0.964697448, 0.3858789792
29174400, 1.029237066, 0.4116948264
29178000, 1.250030496, 0.5000121984
29181600, 1.621416368, 0.6485665472
29185200, 1.876178018, 0.7504712072
29188800, 1.824093414, 0.7296373656
29192400, 1.60782908, 0.643131632
29196000, 1.300982826, 0.5203931304
29199600, 0.974887914, 0.3899551656
29203200, 0.817666608, 0.3270666432
29206800, 0.699533472, 0.2798133888
29210400, 0.653206752, 0.2612827008
29214000, 0.64278324, 0.257113296
29217600, 0.663630264, 0.2654521056
29221200, 0.698375304, 0.2793501216
29224800, 0.868626, 0.3474504
29228400, 1.173224184, 0.4692896736
29232000, 1.28556648, 0.514226592
29235600, 1.263561288, 0.5054245152
29239200, 1.209127392, 0.4836509568
29242800, 1.23344892, 0.493379568
29246400, 1.358531064, 0.5434124256
29250000, 1.257770448, 0.5031081792
29253600, 1.137320976, 0.4549283904
29257200, 1.008764328, 0.4035057312
29260800, 1.046983872, 0.4187935488
29264400, 1.28556648, 0.514226592
29268000, 1.655022072, 0.6620088288
29271600, 1.917926208, 0.7671704832
29275200, 1.892446512, 0.7569786048
29278800, 1.675869096, 0.6703476384
29282400, 1.340000376, 0.5360001504
29286000, 1.016871504, 0.4067486016
29289600, 0.830285225, 0.33211409
29293200, 0.726070114, 0.2904280456
29296800, 0.659647296, 0.2638589184
29300400, 0.645904644, 0.2583618576
29304000, 0.677970832, 0.2711883328
29307600, 0.706601357, 0.2826405428
29311200, 0.909305474, 0.3637221896
29314800, 1.250581332, 0.5002325328
29318400, 1.318149371, 0.5272597484
29322000, 1.187594177, 0.4750376708
29325600, 1.171561083, 0.4686244332
29329200, 1.220805586, 0.4883222344
29332800, 1.286083183, 0.5144332732
29336400, 1.193320282, 0.4773281128
29340000, 1.071926856, 0.4287707424
29343600, 0.970002187, 0.3880008748
29347200, 1.041005889, 0.4164023556
29350800, 1.262033542, 0.5048134168
29354400, 1.633085146, 0.6532340584
29358000, 1.886178987, 0.7544715948
29361600, 1.886178987, 0.7544715948
29365200, 1.62621382, 0.650485528
29368800, 1.300971056, 0.5203884224
29372400, 1.011230143, 0.4044920572
29376000, 0.807091263, 0.3228365052
29379600, 0.708947118, 0.2835788472
29383200, 0.662761638, 0.2651046552
29386800, 0.645442083, 0.2581768332
29390400, 0.683545104, 0.2734180416
29394000, 0.706637844, 0.2826551376
29397600, 0.880988031, 0.3523952124
29401200, 1.21236885, 0.48494754
29404800, 1.317440817, 0.5269763268
29408400, 1.28164707, 0.512658828
29412000, 1.198513206, 0.4794052824
29415600, 1.240080138, 0.4960320552
29419200, 1.297811988, 0.5191247952
29422800, 1.22391522, 0.489566088
29426400, 1.151173089, 0.4604692356
29430000, 1.048410396, 0.4193641584
29433600, 1.123461801, 0.4493847204
29437200, 1.322059365, 0.528823746
29440800, 1.6164918, 0.64659672
29444400, 1.842800652, 0.7371202608
29448000, 1.764285336, 0.7057141344
29451600, 1.594553697, 0.6378214788
29455200, 1.298966625, 0.51958665
29458800, 1.066884588, 0.4267538352
29462400, 0.875882205, 0.350352882
29466000, 0.768681045, 0.307472418
29469600, 0.69193476, 0.276773904
29473200, 0.676098225, 0.27043929
29476800, 0.695589345, 0.278235738
29480400, 0.724826025, 0.28993041
29484000, 0.790608555, 0.316243422
29487600, 1.002574485, 0.401029794
29491200, 1.299814065, 0.519925626
29494800, 1.414324395, 0.565729758
29498400, 1.39361508, 0.557446032
29502000, 1.419197175, 0.56767887
29505600, 1.526398335, 0.610559334
29509200, 1.41797898, 0.567191592
29512800, 1.39848786, 0.559395144
29516400, 1.2425589, 0.49702356
29520000, 1.20114027, 0.480456108
29523600, 1.407015225, 0.56280609
29527200, 1.68841827, 0.675367308
29530800, 1.8516564, 0.74066256
29534400, 1.777346505, 0.710938602
29538000, 1.55198043, 0.620792172
29541600, 1.32295977, 0.529183908
29545200, 1.11343023, 0.445372092
29548800, 0.937748856, 0.3750995424
29552400, 0.82964376, 0.331857504
29556000, 0.745422348, 0.2981689392
29559600, 0.696397944, 0.2785591776
29563200, 0.702683124, 0.2810732496
29566800, 0.711482376, 0.2845929504
29570400, 0.751707528, 0.3006830112
29574000, 0.882439272, 0.3529757088
29577600, 1.145159796, 0.4580639184
29581200, 1.402852176, 0.5611408704
29584800, 1.578837216, 0.6315348864
29588400, 1.708311924, 0.6833247696
29592000, 1.714597104, 0.6858388416
29595600, 1.49587284, 0.598349136
29599200, 1.37645442, 0.550581768
29602800, 1.253264892, 0.5013059568
29606400, 1.241951568, 0.4967806272
29610000, 1.449362508, 0.5797450032
29613600, 1.737223752, 0.6948895008
29617200, 1.918236936, 0.7672947744
29620800, 1.864184388, 0.7456737552
29624400, 1.645460124, 0.6581840496
29628000, 1.334972232, 0.5339888928
29631600, 1.0370547, 0.41482188
29635200, 0.826436, 0.3305744
29638800, 0.734344, 0.2937376
29642400, 0.664976, 0.2659904
29646000, 0.6578, 0.26312
29649600, 0.679328, 0.2717312
29653200, 0.715208, 0.2860832
29656800, 0.897, 0.3588
29660400, 1.21394, 0.485576
29664000, 1.419652, 0.5678608
29667600, 1.356264, 0.5425056
29671200, 1.337128, 0.5348512
29674800, 1.358656, 0.5434624
29678400, 1.408888, 0.5635552
29682000, 1.253408, 0.5013632
29685600, 1.1362, 0.45448
29689200, 1.050088, 0.4200352
29692800, 1.11228, 0.444912
29696400, 1.332344, 0.5329376
29700000, 1.723436, 0.6893744
29703600, 1.94948, 0.779792
29707200, 1.90164, 0.760656
29710800, 1.683968, 0.6735872
29714400, 1.323972, 0.5295888
29718000, 0.987896, 0.3951584
29721600, 0.8070608, 0.32282432
29725200, 0.712519392, 0.2850077568
29728800, 0.664095744, 0.2656382976
29732400, 0.64564864, 0.258259456
29736000, 0.683695792, 0.2734783168
29739600, 0.710213504, 0.2840854016
29743200, 0.914284592, 0.3657138368
29746800, 1.260167792, 0.5040671168
29750400, 1.350097424, 0.5400389696
29754000, 1.25094424, 0.500377696
29757600, 1.172544048, 0.4690176192
29761200, 1.234803024, 0.4939212096
29764800, 1.344332704, 0.5377330816
29768400, 1.180614656, 0.4722458624
29772000, 1.069932032, 0.4279728128
29775600, 0.977696512, 0.3910786048
29779200, 1.04341432, 0.417365728
29782800, 1.29129728, 0.516518912
29786400, 1.65447464, 0.661789856
29790000, 1.918498816, 0.7673995264
29793600, 1.872381056, 0.7489524224
29797200, 1.646404032, 0.6585616128
29800800, 1.329344432, 0.5317377728
29804400, 0.993837728, 0.3975350912
29808000, 0.82884594, 0.331538376
29811600, 0.715981812, 0.2863927248
29815200, 0.66425242, 0.265700968
29818800, 0.6466174, 0.25864696
29822400, 0.674833432, 0.2699333728
29826000, 0.712454808, 0.2849819232
29829600, 0.881751, 0.3527004
29833200, 1.203884032, 0.4815536128
29836800, 1.307342816, 0.5229371264
29840400, 1.28735646, 0.514942584
29844000, 1.215640712, 0.4862562848
29847600, 1.247383748, 0.4989534992
29851200, 1.370828888, 0.5483315552
29854800, 1.26972144, 0.507888576
29858400, 1.155681644, 0.4622726576
29862000, 1.031060836, 0.4124243344
29865600, 1.074560552, 0.4298242208
29869200, 1.319099496, 0.5276397984
29872800, 1.682380908, 0.6729523632
29876400, 1.932798192, 0.7731192768
29880000, 1.905757828, 0.7623031312
29883600, 1.708245604, 0.6832982416
29887200, 1.355545204, 0.5422180816
29890800, 1.0287095, 0.4114838
29894400, 0.842524592, 0.3370098368
29898000, 0.740118288, 0.2960473152
29901600, 0.671459516, 0.2685838064
29905200, 0.660986144, 0.2643944576
29908800, 0.690078844, 0.2760315376
29912400, 0.724990084, 0.2899960336
29916000, 0.933293816, 0.3733175264
29919600, 1.294043296, 0.5176173184
29923200, 1.358047236, 0.5432188944
29926800, 1.206765196, 0.4827060784
29930400, 1.171853956, 0.4687415824
29934000, 1.220729692, 0.4882918768
29937600, 1.29753442, 0.519013768
29941200, 1.200946656, 0.4803786624
29944800, 1.081084732, 0.4324338928
29948400, 0.974023596, 0.3896094384
29952000, 1.043846076, 0.4175384304
29955600, 1.284733632, 0.5138934528
29959200, 1.660611316, 0.6642445264
29962800, 1.92593674, 0.770374696
29966400, 1.915463368, 0.7661853472
29970000, 1.660611316, 0.6642445264
29973600, 1.323135996, 0.5292543984
29977200, 1.026390456, 0.4105561824
29980800, 0.82468386, 0.329873544
29984400, 0.72948226, 0.291792904
29988000, 0.6783114, 0.27132456
29991600, 0.66165112, 0.264660448
29995200, 0.69973176, 0.279892704
29998800, 0.72710222, 0.290840888
30002400, 0.9103653, 0.36414612
30006000, 1.26618128, 0.506472512
30009600, 1.3804232, 0.55216928
30013200, 1.31616212, 0.526464848
30016800, 1.2257206, 0.49028824
30020400, 1.27213138, 0.508852552
30024000, 1.33163238, 0.532652952
30027600, 1.24595094, 0.498380376
30031200, 1.17454974, 0.469819896
30034800, 1.07815812, 0.431263248
30038400, 1.1483693, 0.45934772
30042000, 1.35424276, 0.541697104
30045600, 1.66483798, 0.665935192
30049200, 1.90760206, 0.763040824
30052800, 1.83382082, 0.733528328
30056400, 1.65650784, 0.662603136
30060000, 1.33996252, 0.535985008
30063600, 1.09719844, 0.438879376
30067200, 0.888417504, 0.3553670016
30070800, 0.768162096, 0.3072648384
30074400, 0.690855048, 0.2763420192
30078000, 0.679811184, 0.2719244736
30081600, 0.696990528, 0.2787962112
30085200, 0.725213736, 0.2900854944
30088800, 0.793931112, 0.3175724448
30092400, 1.001310336, 0.4005241344
30096000, 1.310538528, 0.5242154112
30099600, 1.433248128, 0.5732992512
30103200, 1.400116536, 0.5600466144
30106800, 1.445519088, 0.5782076352
30110400, 1.538778384, 0.6155113536
30114000, 1.449200376, 0.5796801504
30117600, 1.402570728, 0.5610282912
30121200, 1.25163792, 0.500655168
30124800, 1.217279232, 0.4869116928
30128400, 1.413614592, 0.5654458368
30132000, 1.692165384, 0.6768661536
30135600, 1.867640112, 0.7470560448
30139200, 1.792787256, 0.7171149024
30142800, 1.567001592, 0.6268006368
30146400, 1.328944968, 0.5315779872
30150000, 1.114203168, 0.4456812672
30153600, 0.94359018, 0.377436072
30157200, 0.837198804, 0.3348795216
30160800, 0.749805888, 0.2999223552
30164400, 0.700409892, 0.2801639568
30168000, 0.708009276, 0.2832037104
30171600, 0.719408352, 0.2877633408
30175200, 0.754872144, 0.3019488576
30178800, 0.88026198, 0.352104792
30182400, 1.1399076, 0.45596304
30186000, 1.403352912, 0.5613411648
30189600, 1.603470024, 0.6413880096
30193200, 1.738992372, 0.6955969488
30196800, 1.737725808, 0.6950903232
30200400, 1.521143364, 0.6084573456
30204000, 1.381821324, 0.5527285296
30207600, 1.261497744, 0.5045990976
30211200, 1.245032412, 0.4980129648
30214800, 1.4565486, 0.58261944
30218400, 1.737725808, 0.6950903232
30222000, 1.922644152, 0.7690576608
30225600, 1.889713488, 0.7558853952
30229200, 1.668064788, 0.6672259152
30232800, 1.347624096, 0.5390496384
30236400, 1.049981556, 0.4199926224
30240000, 0.83940782, 0.335763128
30243600, 0.74680839, 0.298723356
30247200, 0.66984263, 0.267937052
30250800, 0.65781673, 0.263126692
30254400, 0.68186853, 0.272747412
30258000, 0.721554, 0.2886216
30261600, 0.90675286, 0.362701144
30265200, 1.22183144, 0.488732576
30268800, 1.42146138, 0.568584552
30272400, 1.35652152, 0.542608608
30276000, 1.34810339, 0.539241356
30279600, 1.36734483, 0.546937932
30283200, 1.40823289, 0.563293156
30286800, 1.25670655, 0.50268262
30290400, 1.14727086, 0.458908344
30294000, 1.05467143, 0.421868572
30297600, 1.11720611, 0.446882444
30301200, 1.33367231, 0.533468924
30304800, 1.7197037, 0.68788148
30308400, 1.95661393, 0.782645572
30312000, 1.91091551, 0.764366204
30315600, 1.69805708, 0.679222832
30319200, 1.33006454, 0.532025816
30322800, 1.00536524, 0.402146096
30326400, 0.83042334, 0.332169336
30330000, 0.7261812, 0.29047248
30333600, 0.68401584, 0.273606336
30337200, 0.66293316, 0.265173264
30340800, 0.70041348, 0.280165392
30344400, 0.7320375, 0.292815
30348000, 0.92880918, 0.371523672
30351600, 1.27784466, 0.511137864
30355200, 1.37388798, 0.549555192
30358800, 1.26378954, 0.505515816
30362400, 1.19702772, 0.478811088
30366000, 1.26144702, 0.504578808
30369600, 1.3645179, 0.54580716
30373200, 1.19819898, 0.479279592
30376800, 1.09629936, 0.438519744
30380400, 0.99322848, 0.397291392
30384000, 1.054134, 0.4216536
30387600, 1.31298246, 0.525192984
30391200, 1.65850416, 0.663401664
30394800, 1.93375026, 0.773500104
30398400, 1.89626994, 0.758507976
30402000, 1.67021676, 0.668086704
30405600, 1.34929152, 0.539716608
30409200, 1.00962612, 0.403850448
30412800, 0.83423355, 0.33369342
30416400, 0.72536903, 0.290147612
30420000, 0.67685332, 0.270741328
30423600, 0.65437043, 0.261748172
30427200, 0.68395318, 0.273581272
30430800, 0.71826917, 0.287307668
30434400, 0.89221574, 0.356886296
30438000, 1.21407606, 0.485630424
30441600, 1.32057396, 0.528229584
30445200, 1.30519093, 0.522076372
30448800, 1.22117592, 0.488470368
30452400, 1.25667522, 0.502670088
30456000, 1.37382291, 0.549529164
30459600, 1.27915811, 0.511663244
30463200, 1.15491056, 0.461964224
30466800, 1.03894618, 0.415578472
30470400, 1.0768121, 0.43072484
30474000, 1.33122375, 0.5324895
30477600, 1.6803002, 0.67212008
30481200, 1.94891157, 0.779564628
30484800, 1.91577889, 0.766311556
30488400, 1.71461619, 0.685846476
30492000, 1.35488995, 0.54195598
30495600, 1.03539625, 0.4141585
30499200, 0.85235434, 0.340941736
30502800, 0.742866835, 0.297146734
30506400, 0.676938875, 0.27077555
30510000, 0.66163417, 0.264653668
30513600, 0.69459815, 0.27783926
30517200, 0.731093985, 0.292437594
30520800, 0.933587005, 0.373434802
30524400, 1.310318205, 0.524127282
30528000, 1.378600735, 0.551440294
30531600, 1.244390245, 0.497756098
30535200, 1.183171425, 0.47326857
30538800, 1.246744815, 0.498697926
30542400, 1.31620463, 0.526481852
30546000, 1.211426265, 0.484570506
30549600, 1.09958419, 0.439833676
30553200, 0.99362854, 0.397451416
30556800, 1.060733785, 0.424293514
30560400, 1.30678635, 0.52271454
30564000, 1.684694835, 0.673877934
30567600, 1.94722939, 0.778891756
30571200, 1.922506405, 0.769002562
30574800, 1.66703556, 0.666814224
30578400, 1.338573045, 0.535429218
30582000, 1.034833515, 0.413933406
30585600, 0.83719544, 0.334878176
30589200, 0.74161966, 0.296647864
30592800, 0.69322686, 0.277290744
30596400, 0.67507956, 0.270031824
30600000, 0.71500362, 0.286001448
30603600, 0.74645894, 0.298583576
30607200, 0.93035158, 0.372140632
30610800, 1.29934668, 0.519738672
30614400, 1.41065012, 0.564260048
30618000, 1.34169038, 0.536676152
30621600, 1.25095388, 0.500381552
30625200, 1.28724848, 0.514899392
30628800, 1.34773948, 0.539095792
30632400, 1.2642619, 0.50570476
30636000, 1.1916727, 0.47666908
30639600, 1.1009362, 0.44037448
30643200, 1.17473522, 0.469894088
30646800, 1.37193588, 0.548774352
30650400, 1.68648908, 0.674595632
30654000, 1.93450218, 0.773800872
30657600, 1.86070316, 0.744281264
30661200, 1.6756007, 0.67024028
30664800, 1.35741804, 0.542967216
30668400, 1.11182458, 0.444729832
30672000, 0.8898684, 0.35594736
30675600, 0.7718748, 0.30874992
30679200, 0.6956706, 0.27826824
30682800, 0.676005, 0.270402
30686400, 0.700587, 0.2802348
30690000, 0.7239399, 0.28957596
30693600, 0.7903113, 0.31612452
30697200, 0.9980292, 0.39921168
30700800, 1.3126788, 0.52507152
30704400, 1.4355888, 0.57423552
30708000, 1.3974867, 0.55899468
30711600, 1.4466507, 0.57866028
30715200, 1.5474369, 0.61897476
30718800, 1.4638581, 0.58554324
30722400, 1.3974867, 0.55899468
30726000, 1.2487656, 0.49950624
30729600, 1.2217254, 0.48869016
30733200, 1.4110068, 0.56440272
30736800, 1.6814088, 0.67256352
30740400, 1.8608574, 0.74434296
30744000, 1.7969442, 0.71877768
30747600, 1.5818517, 0.63274068
30751200, 1.339719, 0.5358876
30754800, 1.1246265, 0.4498506
30758400, 0.942441345, 0.376976538
30762000, 0.84024891, 0.336099564
30765600, 0.74436465, 0.29774586
30769200, 0.69894579, 0.279578316
30772800, 0.70399233, 0.281596932
30776400, 0.71660868, 0.286643472
30780000, 0.75193446, 0.300773784
30783600, 0.866743245, 0.346697298
30787200, 1.134209865, 0.453683946
30790800, 1.39789158, 0.559156632
30794400, 1.603538085, 0.641415234
30798000, 1.74357957, 0.697431828
30801600, 1.747364475, 0.69894579
30805200, 1.51143873, 0.604575492
30808800, 1.38022869, 0.552091476
30812400, 1.25911173, 0.503644692
30816000, 1.237663935, 0.495065574
30819600, 1.449618615, 0.579847446
30823200, 1.724655045, 0.689862018
30826800, 1.91516193, 0.766064772
30830400, 1.87478961, 0.749915844
30834000, 1.6653582, 0.66614328
30837600, 1.33480983, 0.533923932
30841200, 1.040848875, 0.41633955
30844800, 0.850283172, 0.3401132688
30848400, 0.751752504, 0.3007010016
30852000, 0.678766824, 0.2715067296
30855600, 0.665386116, 0.2661544464
30859200, 0.689714676, 0.2758858704
30862800, 0.7298568, 0.29194272
30866400, 0.915970284, 0.3663881136
30870000, 1.239540132, 0.4958160528
30873600, 1.44146718, 0.576586872
30877200, 1.385511492, 0.5542045968
30880800, 1.372130784, 0.5488523136
30884400, 1.385511492, 0.5542045968
30888000, 1.4293029, 0.57172116
30891600, 1.27116726, 0.508466904
30895200, 1.156823028, 0.4627292112
30898800, 1.063158072, 0.4252632288
30902400, 1.115464476, 0.4461857904
30906000, 1.346585796, 0.5386343184
30909600, 1.738275612, 0.6953102448
30913200, 1.980344784, 0.7921379136
30916800, 1.93412052, 0.773648208
30920400, 1.710297768, 0.6841191072
30924000, 1.33198866, 0.532795464
30927600, 1.019366664, 0.4077466656
30931200, 0.839085236, 0.3356340944
30934800, 0.734496708, 0.2937986832
30938400, 0.691710492, 0.2766841968
30942000, 0.673882902, 0.2695531608
30945600, 0.705972564, 0.2823890256
30949200, 0.741627744, 0.2966510976
30952800, 0.935354222, 0.3741416888
30956400, 1.285963492, 0.5143853968
30960000, 1.398871562, 0.5595486248
30963600, 1.27764395, 0.51105758
30967200, 1.221784168, 0.4887136672
30970800, 1.27764395, 0.51105758
30974400, 1.383420984, 0.5533683936
30978000, 1.214653132, 0.4858612528
30981600, 1.107687592, 0.4430750368
30985200, 1.013795618, 0.4055182472
30988800, 1.072032412, 0.4288129648
30992400, 1.338257756, 0.5353031024
30996000, 1.691244038, 0.6764976152
30999600, 1.965788924, 0.7863155696
31003200, 1.920625696, 0.7682502784
31006800, 1.703129098, 0.6812516392
31010400, 1.363216382, 0.5452865528
31014000, 1.019738148, 0.4078952592
31017600, 0.84046434, 0.336185736
31021200, 0.730786724, 0.2923146896
31024800, 0.683100804, 0.2732403216
31028400, 0.662834288, 0.2651337152
31032000, 0.687869396, 0.2751477584
31035600, 0.724825984, 0.2899303936
31039200, 0.897687444, 0.3590749776
31042800, 1.217183108, 0.4868732432
31046400, 1.33520576, 0.534082304
31050000, 1.325668576, 0.5302674304
31053600, 1.224335996, 0.4897343984
31057200, 1.2815591, 0.51262364
31060800, 1.390044568, 0.5560178272
31064400, 1.285135544, 0.5140542176
31068000, 1.165920744, 0.4663682976
31071600, 1.041937352, 0.4167749408
31075200, 1.07889394, 0.431557576
31078800, 1.326860724, 0.5307442896
31082400, 1.683312976, 0.6733251904
31086000, 1.9670442, 0.78681768
31089600, 1.922934724, 0.7691738896
31093200, 1.726230304, 0.6904921216
31096800, 1.363817312, 0.5455269248
31100400, 1.047898092, 0.4191592368
31104000, 0.859289838, 0.3437159352
31107600, 0.752324298, 0.3009297192
31111200, 0.684579456, 0.2738317824
31114800, 0.67150589, 0.268602356
31118400, 0.704784058, 0.2819136232
31122000, 0.74281625, 0.2971265
31125600, 0.946050776, 0.3784203104
31129200, 1.31924166, 0.527696664
31132800, 1.392929032, 0.5571716128
31136400, 1.25387383, 0.501549532
31140000, 1.201579566, 0.4806318264
31143600, 1.263381878, 0.5053527512
31147200, 1.328749708, 0.5314998832
31150800, 1.23604624, 0.494418496
31154400, 1.112441616, 0.4449766464
31158000, 1.00428757, 0.401715028
31161600, 1.05777034, 0.423108136
31165200, 1.303791082, 0.5215164328
31168800, 1.697186568, 0.6788746272
31172400, 1.952715358, 0.7810861432
31176000, 1.944395816, 0.7777583264
31179600, 1.691244038, 0.6764976152
31183200, 1.358462358, 0.5433849432
31186800, 1.042319762, 0.4169279048
31190400, 0.839988452, 0.3359953808
31194000, 0.741949454, 0.2967797816
31197600, 0.69595585, 0.27838234
31201200, 0.67780048, 0.271120192
31204800, 0.711690504, 0.2846762016
31208400, 0.746790886, 0.2987163544
31212000, 0.93197566, 0.372790264
31215600, 1.30113485, 0.52045394
31219200, 1.42217065, 0.56886826
31222800, 1.341076664, 0.5364306656
31226400, 1.261193036, 0.5044772144
31230000, 1.297503776, 0.5190015104
31233600, 1.338655948, 0.5354623792
31237200, 1.25877232, 0.503508928
31240800, 1.199464778, 0.4797859112
31244400, 1.096584348, 0.4386337392
31248000, 1.159522964, 0.4638091856
31251600, 1.354390602, 0.5417562408
31255200, 1.68239762, 0.672959048
31258800, 1.941414232, 0.7765656928
31262400, 1.874844542, 0.7499378168
31266000, 1.679976904, 0.6719907616
31269600, 1.350759528, 0.5403038112
31273200, 1.112319002, 0.4449276008
31276800, 0.889450454, 0.3557801816
31280400, 0.77316625, 0.3092665
31284000, 0.700179356, 0.2800717424
31287600, 0.6803863, 0.27215452
31291200, 0.703890554, 0.2815562216
31294800, 0.72986894, 0.291947576
31298400, 0.792959306, 0.3171837224
31302000, 1.006971724, 0.4027886896
31305600, 1.32366062, 0.529464248
31309200, 1.448604286, 0.5794417144
31312800, 1.405306976, 0.5621227904
31316400, 1.458500814, 0.5834003256
31320000, 1.566125556, 0.6264502224
31323600, 1.47210854, 0.588843416
31327200, 1.40406991, 0.561627964
31330800, 1.251910792, 0.5007643168
31334400, 1.234591868, 0.4938367472
31338000, 1.415203504, 0.5660814016
31341600, 1.693543354, 0.6774173416
31345200, 1.871680858, 0.7486723432
31348800, 1.819724086, 0.7278896344
31352400, 1.588392744, 0.6353570976
31356000, 1.345927808, 0.5383711232
31359600, 1.129441258, 0.4517765032
31363200, 0.937356108, 0.3749424432
31366800, 0.838687044, 0.3354748176
31370400, 0.745077932, 0.2980311728
31374000, 0.700803352, 0.2803213408
31377600, 0.70206834, 0.280827336
31381200, 0.723573136, 0.2894292544
31384800, 0.750137884, 0.3000551536
31388400, 0.871576732, 0.3486306928
31392000, 1.13216426, 0.452865704
31395600, 1.40413668, 0.561654672
31399200, 1.601474808, 0.6405899232
31402800, 1.741888476, 0.6967553904
31406400, 1.765923248, 0.7063692992
31410000, 1.519250588, 0.6077002352
31413600, 1.387691836, 0.5550767344
31417200, 1.267517976, 0.5070071904
31420800, 1.243483204, 0.4973932816
31424400, 1.437026368, 0.5748105472
31428000, 1.722913656, 0.6891654624
31431600, 1.911396868, 0.7645587472
31435200, 1.887362096, 0.7549448384
31438800, 1.681169052, 0.6724676208
31442400, 1.337092316, 0.5348369264
31446000, 1.048675052, 0.4194700208
31449600, 0.937356108, 0.3749424432
31453200, 0.838687044, 0.3354748176
31456800, 0.745077932, 0.2980311728
31460400, 0.700803352, 0.2803213408
31464000, 0.70206834, 0.280827336
31467600, 0.723573136, 0.2894292544
31471200, 0.750137884, 0.3000551536
31474800, 0.871576732, 0.3486306928
31478400, 1.13216426, 0.452865704
31482000, 1.40413668, 0.561654672
31485600, 1.601474808, 0.6405899232
31489200, 1.741888476, 0.6967553904
31492800, 1.765923248, 0.7063692992
31496400, 1.519250588, 0.6077002352
31500000, 1.387691836, 0.5550767344
31503600, 1.267517976, 0.5070071904
31507200, 1.243483204, 0.4973932816
31510800, 1.437026368, 0.5748105472
31514400, 1.722913656, 0.6891654624
31518000, 1.911396868, 0.7645587472
31521600, 1.887362096, 0.7549448384
31525200, 1.681169052, 0.6724676208
31528800, 1.337092316, 0.5348369264
31532400, 1.048675052, 0.4194700208
